lam_um,f_THz,lmax,cond,solve_residual,eta_spread,Re_S11,Im_S11,Re_S21,Im_S21,absS11,absS21,absS11_cross,absS21_cross,R,T,A,n_open_orders,R_higher_orders,T_higher_orders,absS11_uncoupled,absS21_uncoupled,sigma_ext_um2,sigma_sca_um2,sigma_abs_um2
29.9792458,10,3,24.71252257,1.108922433e-15,1.825113405e-14,-0.07231092683,0.230171913,0.9343252405,0.2245350511,0.2412632995,0.9609264509,2.472890349e-15,1.93004664e-15,0.0582079797,0.9233796441,0.01841237618,1,0,0,0.264494923,1.012384553,10.67838292,10.18837599,0.490006924
27.25385982,11,3,20.17475283,8.002656232e-16,7.34867509e-15,-0.09080551339,0.2750137213,0.9125553047,0.2649646344,0.2896173133,0.9502438853,2.426936498e-15,2.072067285e-15,0.08387818817,0.9029634416,0.01315837021,1,0,0,0.3167400193,1.0135985,17.07459913,16.83936611,0.235233021
24.98270483,12,3,18.54983762,6.589706058e-16,6.35037306e-15,-0.1067240094,0.30211779,0.89016172,0.3011992695,0.3204140653,0.9397387338,2.112579126e-15,2.180657919e-15,0.1026651732,0.8831088878,0.01422593899,1,0,0,0.3617996501,1.010887485,27.6252078,26.90873015,0.7164776493
23.06095831,13,3,19.36609652,7.732445003e-16,1.743368562e-13,-0.1190695655,0.3158106774,0.8726408491,0.3298452384,0.3375114004,0.9328986723,1.624625852e-15,2.119982459e-15,0.1139139454,0.8702999328,0.01578612179,1,0,0,0.4077265672,1.00048673,44.65792789,42.20588582,2.452042067
21.413747,14,3,22.73346765,5.388439513e-16,9.057980127e-13,-0.1428229498,0.3425797461,0.851127416,0.3539750591,0.3711593693,0.921800532,1.053854282e-15,1.62850175e-15,0.1377592774,0.8497162208,0.01252450178,1,0,0,0.4762846289,0.978339279,71.4174117,66.2485372,5.168874498
19.98616387,15,3,34.66849766,5.505591373e-16,3.709348563e-13,-0.1835322507,0.3857636868,0.8137987618,0.3796267769,0.4271975059,0.8979893732,8.02459418e-16,1.193616152e-15,0.1824977091,0.8063849145,0.01111737647,1,0,0,0.5697501658,0.939238101,111.7014909,103.3861364,8.315354503
18.73702863,16,3,150.2851245,6.35864628e-16,4.600584729e-13,-0.2365908122,0.4241658356,0.7616294577,0.4086672317,0.4856870067,0.8643427197,9.156687612e-16,1.410510707e-15,0.2358918685,0.747088337,0.01701979449,1,0,0,0.6647172272,0.8769338155,167.4993545,155.5296133,11.96974121
17.63485047,17,4,237.1405339,7.366588989e-15,2.016812746e-14,-0.2791828333,0.5580034988,0.7254277141,0.5899797682,0.6239478817,0.9350516003,7.299735233e-14,1.116626184e-13,0.389310959,0.8743214953,-0.2636324543,1,0,0,0.7354973194,0.80106534,231.2585055,222.6859893,8.572516255
16.65513656,18,4,97.01007791,3.052535417e-15,4.870122917e-15,-0.3744550093,0.4967849075,0.643148973,0.5399203149,0.6221027233,0.8397348081,4.708883868e-15,1.728345461e-14,0.3870117983,0.705154548,-0.09216634635,1,0,0,0.7999147777,0.6718824574,307.2484678,292.0895583,15.15890953
15.77855042,19,3,118.9367125,1.015457494e-15,2.443751516e-12,-0.5028616142,0.4661508075,0.500998902,0.4501713145,0.6856867932,0.6735385008,3.054498017e-15,3.199190794e-15,0.4701663784,0.4536541121,0.07617950949,5,3.118073066e-31,3.27051543e-31,0.8529982739,0.5059092341,372.2772579,348.8012237,23.47603421
14.9896229,20,4,174.8191114,1.534803146e-15,4.88380263e-13,-0.7197950714,0.4044559848,0.2489382314,0.3850590835,0.825644953,0.4585201641,6.522702886e-15,3.438432731e-15,0.6816895884,0.2102407409,0.1080696708,5,1.083202255e-30,1.211129321e-30,0.8608833432,0.3560069626,416.4611516,387.7148785,28.74627316
14.27583133,21,4,232.2579916,1.948625682e-15,2.011312727e-13,-0.7444449819,-0.1058704538,0.2499594676,-0.1146081832,0.7519354255,0.2749814014,1.929060545e-14,2.361899426e-14,0.5654068841,0.0756147711,0.3589783448,5,3.147504215e-30,3.081398626e-30,0.8475200122,0.2366530508,425.8935759,399.0470341,26.84654184
13.62692991,22,4,129.5803464,1.127737279e-15,5.874846787e-13,-0.2158516513,0.2829717088,0.7742507485,0.2693038729,0.3559001592,0.8197492285,1.193199395e-14,1.021084266e-14,0.1266649234,0.6719887976,0.2013462791,5,7.69407851e-31,7.648860239e-31,0.828156297,0.177433936,424.6717332,398.1544636,26.51726962
13.0344547,23,4,51.12217549,8.572594123e-16,7.824459809e-13,-0.5742346428,0.4486254683,0.418595157,0.4290126186,0.7287044914,0.5993944715,2.903279712e-15,2.29065692e-15,0.5310102358,0.3592737324,0.1097160318,5,1.063578494e-31,1.077042385e-31,0.8056011076,0.2002737214,413.7947186,388.2062121,25.58850644
12.49135242,24,4,27.08345817,7.991720834e-16,7.283594507e-14,-0.811016029,0.3254791588,0.1846935205,0.3013735471,0.8738899714,0.3534652902,2.44411762e-16,1.101457899e-15,0.7636836821,0.1249377114,0.1113786065,5,1.674254542e-30,1.673968225e-30,0.7764241835,0.2785578946,393.3056406,369.0580922,24.24754835
11.99169832,25,5,251.459448,5.52028421e-15,1.367739662e-13,-0.8570674182,0.1195295315,0.1450076787,0.09619880835,0.8653622757,0.1740156247,1.527542313e-13,3.942367199e-13,0.7488518682,0.03028143762,0.2208666942,5,4.642969054e-30,4.870215789e-30,0.7439701843,0.3720727358,365.3240134,341.3062908,24.01772262
11.53047915,26,4,45.74695301,7.576864574e-16,1.432533853e-12,-0.9028413896,-0.14314843,0.09588078192,-0.1709227254,0.9141192744,0.1959788315,1.074250056e-15,1.906110632e-16,0.8356140479,0.03840770242,0.1259782497,5,1.451709383e-31,1.467522285e-31,0.6924675899,0.4670831173,327.7659642,306.9332615,20.83270272
11.10342437,27,5,160.6087684,1.588434528e-15,2.915699572e-13,-0.6898729525,-0.2110852613,0.3035814984,-0.2417334655,0.7214441615,0.3880680282,1.171980098e-13,7.131294327e-14,0.6216713756,0.2243995434,0.153929081,9,0.1011896974,0.07380274888,0.6472403215,0.5474588709,291.3840114,271.0274105,20.35660092
10.7068735,28,5,275.2905832,1.271164701e-15,4.437149961e-12,-0.6535251131,-0.2512028678,0.3430397184,-0.2808263791,0.7001413816,0.4433279864,7.892341049e-14,5.574120951e-14,0.5900002501,0.2797038637,0.1302958862,9,0.09980229585,0.08316416014,0.5978202682,0.6171332308,255.008258,236.5262724,18.48198562
10.33767097,29,5,31.98643885,7.880527156e-16,2.162567479e-12,-0.597945608,-0.3084939193,0.4014138133,-0.3353078156,0.6728353799,0.5230338237,5.027024812e-14,4.32433215e-14,0.5383475646,0.3524256638,0.1092267716,9,0.0856401162,0.07886128309,0.5509518218,0.6751363464,221.8150164,205.1149446,16.70007186
9.993081933,30,5,19.48254745,6.765725921e-16,7.863495092e-12,-0.5258357677,-0.3518811212,0.4743787527,-0.3759189431,0.6327112912,0.6052687443,3.544096202e-14,3.649095109e-14,0.4711115041,0.4361572335,0.09273126238,9,0.07078792612,0.06980698066,0.5067583574,0.7233900647,192.286276,177.2238465,15.06242944
9.670724452,31,5,16.63070944,5.745540043e-16,6.206549562e-11,-0.4480673252,-0.3740291599,0.5509216034,-0.3974205713,0.583662694,0.6793067964,2.596805378e-14,2.928795756e-14,0.3985032273,0.5208489459,0.08064782676,9,0.05784108692,0.05939122231,0.4644558386,0.763745888,166.3155818,152.6919759,13.62360591
9.368514313,32,5,14.84929807,5.767586272e-16,5.07202134e-11,-0.3726582535,-0.3758109837,0.6240700365,-0.4017016915,0.5292523683,0.7421776468,2.170001572e-12,2.200711105e-12,0.3277662525,0.6002462968,0.07198745069,9,0.04765818319,0.04941863739,0.4233027153,0.7977164665,143.5578629,131.1204533,12.43740962
9.084619939,33,5,13.68718642,4.972116397e-16,9.058646534e-11,-0.304810585,-0.3617275056,0.6904155514,-0.3924438055,0.4730288374,0.7941572729,1.235328547e-12,1.330721057e-12,0.263781034,0.6715030259,0.06471594014,9,0.04002475296,0.04081725172,0.383223627,0.8263875377,123.6701683,112.1680063,11.50216202
8.817425235,34,5,21.02690512,5.185126298e-16,9.103534121e-12,-0.2467268565,-0.3376191831,0.7482738088,-0.3728896424,0.4181636696,0.836038503,3.388289027e-13,4.20699111e-13,0.2091928482,0.7330285186,0.05777863318,9,0.03433199368,0.03406814017,0.3448452303,0.8503916632,106.4313391,95.64178068,10.78955837
