freq_THz,Re_S11,Im_S11,Re_S21,Im_S21
14.990000,-1.12733328e-01,4.26821691e-02,-3.58070511e-01,-9.24218165e-01
15.012480,-1.12777927e-01,4.30751632e-02,-3.60753322e-01,-9.23154568e-01
15.034960,-1.12821257e-01,4.34688330e-02,-3.63432974e-01,-9.22083016e-01
15.057440,-1.12863315e-01,4.38631746e-02,-3.66109440e-01,-9.21003521e-01
15.079920,-1.12904096e-01,4.42581838e-02,-3.68782699e-01,-9.19916091e-01
15.102400,-1.12943597e-01,4.46538565e-02,-3.71452724e-01,-9.18820739e-01
15.124880,-1.12981814e-01,4.50501888e-02,-3.74119494e-01,-9.17717475e-01
15.147360,-1.13018742e-01,4.54471765e-02,-3.76782984e-01,-9.16606309e-01
15.169840,-1.13054378e-01,4.58448154e-02,-3.79443170e-01,-9.15487253e-01
15.192320,-1.13088717e-01,4.62431015e-02,-3.82100028e-01,-9.14360317e-01
15.214800,-1.13121755e-01,4.66420304e-02,-3.84753535e-01,-9.13225513e-01
15.237280,-1.13153490e-01,4.70415981e-02,-3.87403668e-01,-9.12082850e-01
15.259760,-1.13183916e-01,4.74418003e-02,-3.90050401e-01,-9.10932341e-01
15.282240,-1.13213029e-01,4.78426328e-02,-3.92693713e-01,-9.09773997e-01
15.304720,-1.13240827e-01,4.82440914e-02,-3.95333579e-01,-9.08607828e-01
15.327200,-1.13267304e-01,4.86461717e-02,-3.97969977e-01,-9.07433847e-01
15.349680,-1.13292458e-01,4.90488694e-02,-4.00602881e-01,-9.06252064e-01
15.372160,-1.13316284e-01,4.94521803e-02,-4.03232270e-01,-9.05062490e-01
15.394640,-1.13338778e-01,4.98561000e-02,-4.05858120e-01,-9.03865138e-01
15.417120,-1.13359937e-01,5.02606242e-02,-4.08480407e-01,-9.02660019e-01
15.439600,-1.13379756e-01,5.06657484e-02,-4.11099108e-01,-9.01447144e-01
15.462080,-1.13398232e-01,5.10714684e-02,-4.13714200e-01,-9.00226525e-01
15.484560,-1.13415362e-01,5.14777796e-02,-4.16325661e-01,-8.98998175e-01
15.507040,-1.13431141e-01,5.18846776e-02,-4.18933465e-01,-8.97762103e-01
15.529520,-1.13445566e-01,5.22921580e-02,-4.21537592e-01,-8.96518324e-01
15.552000,-1.13458632e-01,5.27002164e-02,-4.24138017e-01,-8.95266848e-01
15.574480,-1.13470337e-01,5.31088481e-02,-4.26734717e-01,-8.94007687e-01
15.596960,-1.13480676e-01,5.35180488e-02,-4.29327671e-01,-8.92740854e-01
15.619440,-1.13489646e-01,5.39278139e-02,-4.31916854e-01,-8.91466360e-01
15.641920,-1.13497244e-01,5.43381387e-02,-4.34502243e-01,-8.90184218e-01
15.664400,-1.13503465e-01,5.47490189e-02,-4.37083817e-01,-8.88894440e-01
15.686880,-1.13508305e-01,5.51604497e-02,-4.39661552e-01,-8.87597039e-01
15.709360,-1.13511762e-01,5.55724266e-02,-4.42235426e-01,-8.86292026e-01
15.731840,-1.13513832e-01,5.59849449e-02,-4.44805415e-01,-8.84979415e-01
15.754320,-1.13514511e-01,5.63980000e-02,-4.47371498e-01,-8.83659217e-01
15.776800,-1.13513795e-01,5.68115872e-02,-4.49933651e-01,-8.82331445e-01
15.799280,-1.13511681e-01,5.72257019e-02,-4.52491853e-01,-8.80996112e-01
15.821760,-1.13508166e-01,5.76403394e-02,-4.55046080e-01,-8.79653231e-01
15.844240,-1.13503246e-01,5.80554949e-02,-4.57596310e-01,-8.78302814e-01
15.866720,-1.13496917e-01,5.84711637e-02,-4.60142520e-01,-8.76944874e-01
15.889200,-1.13489176e-01,5.88873410e-02,-4.62684690e-01,-8.75579424e-01
15.911680,-1.13480020e-01,5.93040222e-02,-4.65222795e-01,-8.74206476e-01
15.934160,-1.13469445e-01,5.97212023e-02,-4.67756814e-01,-8.72826045e-01
15.956640,-1.13457447e-01,6.01388765e-02,-4.70286724e-01,-8.71438142e-01
15.979120,-1.13444024e-01,6.05570402e-02,-4.72812504e-01,-8.70042781e-01
16.001600,-1.13429171e-01,6.09756883e-02,-4.75334131e-01,-8.68639976e-01
16.024080,-1.13412887e-01,6.13948161e-02,-4.77851583e-01,-8.67229739e-01
16.046560,-1.13395166e-01,6.18144187e-02,-4.80364838e-01,-8.65812083e-01
16.069040,-1.13376006e-01,6.22344911e-02,-4.82873874e-01,-8.64387022e-01
16.091520,-1.13355404e-01,6.26550285e-02,-4.85378669e-01,-8.62954570e-01
16.114000,-1.13333356e-01,6.30760260e-02,-4.87879202e-01,-8.61514740e-01
16.136480,-1.13309859e-01,6.34974785e-02,-4.90375450e-01,-8.60067545e-01
16.158960,-1.13284910e-01,6.39193811e-02,-4.92867391e-01,-8.58612999e-01
16.181440,-1.13258505e-01,6.43417289e-02,-4.95355004e-01,-8.57151115e-01
16.203920,-1.13230641e-01,6.47645168e-02,-4.97838268e-01,-8.55681908e-01
16.226400,-1.13201316e-01,6.51877398e-02,-5.00317159e-01,-8.54205391e-01
16.248880,-1.13170525e-01,6.56113930e-02,-5.02791658e-01,-8.52721578e-01
16.271360,-1.13138267e-01,6.60354711e-02,-5.05261742e-01,-8.51230482e-01
16.293840,-1.13104536e-01,6.64599693e-02,-5.07727389e-01,-8.49732118e-01
16.316320,-1.13069332e-01,6.68848823e-02,-5.10188579e-01,-8.48226500e-01
16.338800,-1.13032649e-01,6.73102051e-02,-5.12645289e-01,-8.46713642e-01
16.361280,-1.12994486e-01,6.77359326e-02,-5.15097499e-01,-8.45193557e-01
16.383760,-1.12954839e-01,6.81620597e-02,-5.17545187e-01,-8.43666260e-01
16.406240,-1.12913706e-01,6.85885812e-02,-5.19988332e-01,-8.42131766e-01
16.428720,-1.12871082e-01,6.90154919e-02,-5.22426913e-01,-8.40590088e-01
16.451200,-1.12826966e-01,6.94427867e-02,-5.24860907e-01,-8.39041241e-01
16.473680,-1.12781354e-01,6.98704604e-02,-5.27290295e-01,-8.37485239e-01
16.496160,-1.12734243e-01,7.02985077e-02,-5.29715056e-01,-8.35922097e-01
16.518640,-1.12685631e-01,7.07269235e-02,-5.32135167e-01,-8.34351828e-01
16.541120,-1.12635514e-01,7.11557024e-02,-5.34550608e-01,-8.32774449e-01
16.563600,-1.12583889e-01,7.15848393e-02,-5.36961359e-01,-8.31189973e-01
16.586080,-1.12530754e-01,7.20143289e-02,-5.39367397e-01,-8.29598415e-01
16.608560,-1.12476105e-01,7.24441659e-02,-5.41768704e-01,-8.27999789e-01
16.631040,-1.12419941e-01,7.28743450e-02,-5.44165256e-01,-8.26394111e-01
16.653520,-1.12362257e-01,7.33048608e-02,-5.46557035e-01,-8.24781396e-01
16.676000,-1.12303052e-01,7.37357080e-02,-5.48944019e-01,-8.23161658e-01
16.698480,-1.12242322e-01,7.41668814e-02,-5.51326187e-01,-8.21534911e-01
16.720960,-1.12180065e-01,7.45983755e-02,-5.53703519e-01,-8.19901173e-01
16.743440,-1.12116278e-01,7.50301849e-02,-5.56075995e-01,-8.18260456e-01
16.765920,-1.12050958e-01,7.54623043e-02,-5.58443593e-01,-8.16612777e-01
16.788400,-1.11984103e-01,7.58947283e-02,-5.60806294e-01,-8.14958150e-01
16.810880,-1.11915710e-01,7.63274515e-02,-5.63164077e-01,-8.13296591e-01
16.833360,-1.11845776e-01,7.67604683e-02,-5.65516921e-01,-8.11628115e-01
16.855840,-1.11774298e-01,7.71937734e-02,-5.67864807e-01,-8.09952738e-01
16.878320,-1.11701274e-01,7.76273613e-02,-5.70207714e-01,-8.08270474e-01
16.900800,-1.11626702e-01,7.80612266e-02,-5.72545621e-01,-8.06581340e-01
16.923280,-1.11550579e-01,7.84953637e-02,-5.74878510e-01,-8.04885350e-01
16.945760,-1.11472902e-01,7.89297671e-02,-5.77206358e-01,-8.03182521e-01
16.968240,-1.11393668e-01,7.93644314e-02,-5.79529148e-01,-8.01472867e-01
16.990720,-1.11312876e-01,7.97993510e-02,-5.81846858e-01,-7.99756405e-01
17.013200,-1.11230523e-01,8.02345203e-02,-5.84159468e-01,-7.98033150e-01
17.035680,-1.11146606e-01,8.06699339e-02,-5.86466960e-01,-7.96303118e-01
17.058160,-1.11061123e-01,8.11055860e-02,-5.88769312e-01,-7.94566325e-01
17.080640,-1.10974071e-01,8.15414713e-02,-5.91066505e-01,-7.92822787e-01
17.103120,-1.10885448e-01,8.19775840e-02,-5.93358519e-01,-7.91072519e-01
17.125600,-1.10795252e-01,8.24139185e-02,-5.95645335e-01,-7.89315538e-01
17.148080,-1.10703480e-01,8.28504693e-02,-5.97926933e-01,-7.87551859e-01
17.170560,-1.10610130e-01,8.32872307e-02,-6.00203293e-01,-7.85781499e-01
17.193040,-1.10515200e-01,8.37241971e-02,-6.02474396e-01,-7.84004474e-01
17.215520,-1.10418687e-01,8.41613628e-02,-6.04740222e-01,-7.82220799e-01
17.238000,-1.10320589e-01,8.45987221e-02,-6.07000752e-01,-7.80430492e-01
17.260480,-1.10220904e-01,8.50362693e-02,-6.09255967e-01,-7.78633569e-01
17.282960,-1.10119630e-01,8.54739988e-02,-6.11505846e-01,-7.76830045e-01
17.305440,-1.10016764e-01,8.59119049e-02,-6.13750371e-01,-7.75019937e-01
17.327920,-1.09912304e-01,8.63499818e-02,-6.15989523e-01,-7.73203262e-01
17.350400,-1.09806248e-01,8.67882238e-02,-6.18223282e-01,-7.71380036e-01
17.372880,-1.09698594e-01,8.72266251e-02,-6.20451630e-01,-7.69550276e-01
17.395360,-1.09589340e-01,8.76651801e-02,-6.22674546e-01,-7.67713998e-01
17.417840,-1.09478484e-01,8.81038829e-02,-6.24892013e-01,-7.65871219e-01
17.440320,-1.09366024e-01,8.85427278e-02,-6.27104011e-01,-7.64021955e-01
17.462800,-1.09251957e-01,8.89817090e-02,-6.29310521e-01,-7.62166224e-01
17.485280,-1.09136281e-01,8.94208207e-02,-6.31511524e-01,-7.60304042e-01
17.507760,-1.09018995e-01,8.98600570e-02,-6.33707002e-01,-7.58435426e-01
17.530240,-1.08900097e-01,9.02994122e-02,-6.35896936e-01,-7.56560393e-01
17.552720,-1.08779585e-01,9.07388804e-02,-6.38081306e-01,-7.54678959e-01
17.575200,-1.08657456e-01,9.11784558e-02,-6.40260095e-01,-7.52791143e-01
17.597680,-1.08533709e-01,9.16181326e-02,-6.42433284e-01,-7.50896960e-01
17.620160,-1.08408341e-01,9.20579048e-02,-6.44600854e-01,-7.48996428e-01
17.642640,-1.08281352e-01,9.24977666e-02,-6.46762786e-01,-7.47089564e-01
17.665120,-1.08152739e-01,9.29377122e-02,-6.48919063e-01,-7.45176385e-01
17.687600,-1.08022501e-01,9.33777355e-02,-6.51069666e-01,-7.43256909e-01
17.710080,-1.07890635e-01,9.38178308e-02,-6.53214576e-01,-7.41331152e-01
17.732560,-1.07757140e-01,9.42579920e-02,-6.55353775e-01,-7.39399133e-01
17.755040,-1.07622013e-01,9.46982134e-02,-6.57487245e-01,-7.37460867e-01
17.777520,-1.07485255e-01,9.51384889e-02,-6.59614968e-01,-7.35516374e-01
17.800000,-1.07346861e-01,9.55788126e-02,-6.61736925e-01,-7.33565670e-01
17.822480,-1.07206832e-01,9.60191785e-02,-6.63853099e-01,-7.31608774e-01
17.844960,-1.07065165e-01,9.64595807e-02,-6.65963471e-01,-7.29645701e-01
17.867440,-1.06921859e-01,9.69000132e-02,-6.68068024e-01,-7.27676471e-01
17.889920,-1.06776911e-01,9.73404701e-02,-6.70166740e-01,-7.25701100e-01
17.912400,-1.06630321e-01,9.77809453e-02,-6.72259600e-01,-7.23719607e-01
17.934880,-1.06482087e-01,9.82214329e-02,-6.74346587e-01,-7.21732009e-01
17.957360,-1.06332208e-01,9.86619267e-02,-6.76427683e-01,-7.19738324e-01
17.979840,-1.06180681e-01,9.91024209e-02,-6.78502871e-01,-7.17738570e-01
18.002320,-1.06027505e-01,9.95429094e-02,-6.80572132e-01,-7.15732765e-01
18.024800,-1.05872679e-01,9.99833861e-02,-6.82635450e-01,-7.13720926e-01
18.047280,-1.05716201e-01,1.00423845e-01,-6.84692806e-01,-7.11703072e-01
18.069760,-1.05558071e-01,1.00864280e-01,-6.86744184e-01,-7.09679222e-01
18.092240,-1.05398286e-01,1.01304685e-01,-6.88789565e-01,-7.07649391e-01
18.114720,-1.05236845e-01,1.01745055e-01,-6.90828933e-01,-7.05613600e-01
18.137200,-1.05073747e-01,1.02185382e-01,-6.92862269e-01,-7.03571867e-01
18.159680,-1.04908990e-01,1.02625661e-01,-6.94889558e-01,-7.01524208e-01
18.182160,-1.04742574e-01,1.03065886e-01,-6.96910780e-01,-6.99470643e-01
18.204640,-1.04574496e-01,1.03506050e-01,-6.98925921e-01,-6.97411191e-01
18.227120,-1.04404756e-01,1.03946148e-01,-7.00934961e-01,-6.95345869e-01
18.249600,-1.04233352e-01,1.04386174e-01,-7.02937885e-01,-6.93274695e-01
18.272080,-1.04060283e-01,1.04826121e-01,-7.04934675e-01,-6.91197689e-01
18.294560,-1.03885549e-01,1.05265983e-01,-7.06925314e-01,-6.89114868e-01
18.317040,-1.03709147e-01,1.05705754e-01,-7.08909786e-01,-6.87026252e-01
18.339520,-1.03531076e-01,1.06145428e-01,-7.10888073e-01,-6.84931859e-01
18.362000,-1.03351337e-01,1.06584999e-01,-7.12860159e-01,-6.82831707e-01
18.384480,-1.03169926e-01,1.07024460e-01,-7.14826028e-01,-6.80725816e-01
18.406960,-1.02986844e-01,1.07463806e-01,-7.16785661e-01,-6.78614203e-01
18.429440,-1.02802089e-01,1.07903030e-01,-7.18739044e-01,-6.76496888e-01
18.451920,-1.02615661e-01,1.08342126e-01,-7.20686159e-01,-6.74373890e-01
18.474400,-1.02427557e-01,1.08781088e-01,-7.22626989e-01,-6.72245227e-01
18.496880,-1.02237778e-01,1.09219910e-01,-7.24561519e-01,-6.70110918e-01
18.519360,-1.02046322e-01,1.09658585e-01,-7.26489732e-01,-6.67970983e-01
18.541840,-1.01853189e-01,1.10097107e-01,-7.28411611e-01,-6.65825440e-01
18.564320,-1.01658377e-01,1.10535471e-01,-7.30327141e-01,-6.63674308e-01
18.586800,-1.01461885e-01,1.10973670e-01,-7.32236305e-01,-6.61517606e-01
18.609280,-1.01263713e-01,1.11411697e-01,-7.34139087e-01,-6.59355354e-01
18.631760,-1.01063860e-01,1.11849546e-01,-7.36035471e-01,-6.57187571e-01
18.654240,-1.00862325e-01,1.12287212e-01,-7.37925441e-01,-6.55014275e-01
18.676720,-1.00659108e-01,1.12724687e-01,-7.39808981e-01,-6.52835486e-01
18.699200,-1.00454207e-01,1.13161967e-01,-7.41686074e-01,-6.50651224e-01
18.721680,-1.00247621e-01,1.13599043e-01,-7.43556706e-01,-6.48461507e-01
18.744160,-1.00039351e-01,1.14035911e-01,-7.45420860e-01,-6.46266356e-01
18.766640,-9.98293946e-02,1.14472564e-01,-7.47278521e-01,-6.44065789e-01
18.789120,-9.96177521e-02,1.14908995e-01,-7.49129672e-01,-6.41859826e-01
18.811600,-9.94044227e-02,1.15345199e-01,-7.50974299e-01,-6.39648486e-01
18.834080,-9.91894056e-02,1.15781169e-01,-7.52812385e-01,-6.37431789e-01
18.856560,-9.89727003e-02,1.16216899e-01,-7.54643915e-01,-6.35209755e-01
18.879040,-9.87543062e-02,1.16652382e-01,-7.56468874e-01,-6.32982403e-01
18.901520,-9.85342227e-02,1.17087612e-01,-7.58287246e-01,-6.30749753e-01
18.924000,-9.83124494e-02,1.17522584e-01,-7.60099015e-01,-6.28511825e-01
18.946480,-9.80889857e-02,1.17957290e-01,-7.61904167e-01,-6.26268638e-01
18.968960,-9.78638311e-02,1.18391724e-01,-7.63702687e-01,-6.24020212e-01
18.991440,-9.76369852e-02,1.18825880e-01,-7.65494559e-01,-6.21766567e-01
19.013920,-9.74084476e-02,1.19259752e-01,-7.67279767e-01,-6.19507722e-01
19.036400,-9.71782178e-02,1.19693333e-01,-7.69058298e-01,-6.17243699e-01
19.058880,-9.69462954e-02,1.20126617e-01,-7.70830135e-01,-6.14974516e-01
19.081360,-9.67126801e-02,1.20559598e-01,-7.72595265e-01,-6.12700194e-01
19.103840,-9.64773716e-02,1.20992270e-01,-7.74353671e-01,-6.10420753e-01
19.126320,-9.62403696e-02,1.21424625e-01,-7.76105340e-01,-6.08136213e-01
19.148800,-9.60016736e-02,1.21856658e-01,-7.77850256e-01,-6.05846593e-01
19.171280,-9.57612836e-02,1.22288363e-01,-7.79588405e-01,-6.03551915e-01
19.193760,-9.55191992e-02,1.22719732e-01,-7.81319772e-01,-6.01252197e-01
19.216240,-9.52754203e-02,1.23150760e-01,-7.83044343e-01,-5.98947462e-01
19.238720,-9.50299466e-02,1.23581440e-01,-7.84762102e-01,-5.96637728e-01
19.261200,-9.47827779e-02,1.24011767e-01,-7.86473036e-01,-5.94323016e-01
19.283680,-9.45339142e-02,1.24441733e-01,-7.88177130e-01,-5.92003347e-01
19.306160,-9.42833553e-02,1.24871332e-01,-7.89874370e-01,-5.89678740e-01
19.328640,-9.40311011e-02,1.25300558e-01,-7.91564741e-01,-5.87349217e-01
19.351120,-9.37771515e-02,1.25729404e-01,-7.93248230e-01,-5.85014798e-01
19.373600,-9.35215065e-02,1.26157865e-01,-7.94924821e-01,-5.82675503e-01
19.396080,-9.32641660e-02,1.26585933e-01,-7.96594501e-01,-5.80331352e-01
19.418560,-9.30051302e-02,1.27013603e-01,-7.98257256e-01,-5.77982367e-01
19.441040,-9.27443989e-02,1.27440868e-01,-7.99913072e-01,-5.75628568e-01
19.463520,-9.24819722e-02,1.27867721e-01,-8.01561935e-01,-5.73269976e-01
19.486000,-9.22178502e-02,1.28294157e-01,-8.03203831e-01,-5.70906611e-01
19.508480,-9.19520331e-02,1.28720168e-01,-8.04838746e-01,-5.68538494e-01
19.530960,-9.16845208e-02,1.29145749e-01,-8.06466666e-01,-5.66165646e-01
19.553440,-9.14153136e-02,1.29570893e-01,-8.08087578e-01,-5.63788088e-01
19.575920,-9.11444116e-02,1.29995594e-01,-8.09701468e-01,-5.61405840e-01
19.598400,-9.08718151e-02,1.30419845e-01,-8.11308322e-01,-5.59018924e-01
19.620880,-9.05975241e-02,1.30843639e-01,-8.12908128e-01,-5.56627360e-01
19.643360,-9.03215391e-02,1.31266972e-01,-8.14500871e-01,-5.54231169e-01
19.665840,-9.00438601e-02,1.31689835e-01,-8.16086538e-01,-5.51830373e-01
19.688320,-8.97644876e-02,1.32112223e-01,-8.17665116e-01,-5.49424992e-01
19.710800,-8.94834218e-02,1.32534129e-01,-8.19236591e-01,-5.47015047e-01
19.733280,-8.92006631e-02,1.32955547e-01,-8.20800951e-01,-5.44600560e-01
19.755760,-8.89162118e-02,1.33376471e-01,-8.22358181e-01,-5.42181552e-01
19.778240,-8.86300683e-02,1.33796894e-01,-8.23908270e-01,-5.39758043e-01
19.800720,-8.83422330e-02,1.34216809e-01,-8.25451204e-01,-5.37330055e-01
19.823200,-8.80527064e-02,1.34636211e-01,-8.26986969e-01,-5.34897610e-01
19.845680,-8.77614888e-02,1.35055093e-01,-8.28515554e-01,-5.32460728e-01
19.868160,-8.74685808e-02,1.35473448e-01,-8.30036945e-01,-5.30019432e-01
19.890640,-8.71739829e-02,1.35891270e-01,-8.31551130e-01,-5.27573741e-01
19.913120,-8.68776956e-02,1.36308552e-01,-8.33058095e-01,-5.25123678e-01
19.935600,-8.65797195e-02,1.36725289e-01,-8.34557828e-01,-5.22669264e-01
19.958080,-8.62800551e-02,1.37141474e-01,-8.36050317e-01,-5.20210521e-01
19.980560,-8.59787030e-02,1.37557100e-01,-8.37535549e-01,-5.17747470e-01
20.003040,-8.56756638e-02,1.37972161e-01,-8.39013511e-01,-5.15280132e-01
20.025520,-8.53709382e-02,1.38386651e-01,-8.40484191e-01,-5.12808529e-01
20.048000,-8.50645269e-02,1.38800563e-01,-8.41947577e-01,-5.10332683e-01
20.070480,-8.47564306e-02,1.39213891e-01,-8.43403657e-01,-5.07852616e-01
20.092960,-8.44466499e-02,1.39626628e-01,-8.44852417e-01,-5.05368348e-01
20.115440,-8.41351856e-02,1.40038768e-01,-8.46293847e-01,-5.02879902e-01
20.137920,-8.38220384e-02,1.40450304e-01,-8.47727933e-01,-5.00387300e-01
20.160400,-8.35072093e-02,1.40861231e-01,-8.49154665e-01,-4.97890563e-01
20.182880,-8.31906989e-02,1.41271541e-01,-8.50574029e-01,-4.95389712e-01
20.205360,-8.28725081e-02,1.41681229e-01,-8.51986014e-01,-4.92884771e-01
20.227840,-8.25526378e-02,1.42090287e-01,-8.53390608e-01,-4.90375760e-01
20.250320,-8.22310888e-02,1.42498710e-01,-8.54787800e-01,-4.87862702e-01
20.272800,-8.19078621e-02,1.42906491e-01,-8.56177577e-01,-4.85345619e-01
20.295280,-8.15829586e-02,1.43313624e-01,-8.57559928e-01,-4.82824532e-01
20.317760,-8.12563792e-02,1.43720102e-01,-8.58934842e-01,-4.80299464e-01
20.340240,-8.09281249e-02,1.44125919e-01,-8.60302306e-01,-4.77770436e-01
20.362720,-8.05981967e-02,1.44531068e-01,-8.61662310e-01,-4.75237470e-01
20.385200,-8.02665957e-02,1.44935544e-01,-8.63014841e-01,-4.72700590e-01
20.407680,-7.99333228e-02,1.45339339e-01,-8.64359889e-01,-4.70159816e-01
20.430160,-7.95983793e-02,1.45742447e-01,-8.65697443e-01,-4.67615171e-01
20.452640,-7.92617660e-02,1.46144862e-01,-8.67027490e-01,-4.65066678e-01
20.475120,-7.89234843e-02,1.46546578e-01,-8.68350021e-01,-4.62514358e-01
20.497600,-7.85835352e-02,1.46947588e-01,-8.69665023e-01,-4.59958233e-01
20.520080,-7.82419198e-02,1.47347885e-01,-8.70972486e-01,-4.57398326e-01
20.542560,-7.78986395e-02,1.47747464e-01,-8.72272399e-01,-4.54834660e-01
20.565040,-7.75536953e-02,1.48146318e-01,-8.73564751e-01,-4.52267256e-01
20.587520,-7.72070886e-02,1.48544440e-01,-8.74849531e-01,-4.49696137e-01
20.610000,-7.68588205e-02,1.48941824e-01,-8.76126728e-01,-4.47121326e-01
20.632480,-7.65088924e-02,1.49338464e-01,-8.77396332e-01,-4.44542844e-01
20.654960,-7.61573056e-02,1.49734354e-01,-8.78658332e-01,-4.41960715e-01
20.677440,-7.58040614e-02,1.50129486e-01,-8.79912718e-01,-4.39374960e-01
20.699920,-7.54491611e-02,1.50523855e-01,-8.81159478e-01,-4.36785603e-01
20.722400,-7.50926062e-02,1.50917455e-01,-8.82398603e-01,-4.34192666e-01
20.744880,-7.47343980e-02,1.51310278e-01,-8.83630082e-01,-4.31596170e-01
20.767360,-7.43745380e-02,1.51702319e-01,-8.84853904e-01,-4.28996140e-01
20.789840,-7.40130276e-02,1.52093571e-01,-8.86070061e-01,-4.26392598e-01
20.812320,-7.36498683e-02,1.52484027e-01,-8.87278540e-01,-4.23785566e-01
20.834800,-7.32850615e-02,1.52873682e-01,-8.88479333e-01,-4.21175067e-01
20.857280,-7.29186089e-02,1.53262530e-01,-8.89672429e-01,-4.18561124e-01
20.879760,-7.25505119e-02,1.53650562e-01,-8.90857819e-01,-4.15943760e-01
20.902240,-7.21807721e-02,1.54037775e-01,-8.92035491e-01,-4.13322997e-01
20.924720,-7.18093910e-02,1.54424160e-01,-8.93205437e-01,-4.10698858e-01
20.947200,-7.14363704e-02,1.54809712e-01,-8.94367647e-01,-4.08071366e-01
20.969680,-7.10617118e-02,1.55194424e-01,-8.95522110e-01,-4.05440543e-01
20.992160,-7.06854169e-02,1.55578290e-01,-8.96668818e-01,-4.02806414e-01
21.014640,-7.03074873e-02,1.55961304e-01,-8.97807760e-01,-4.00169000e-01
21.037120,-6.99279248e-02,1.56343460e-01,-8.98938928e-01,-3.97528325e-01
21.059600,-6.95467312e-02,1.56724750e-01,-9.00062311e-01,-3.94884412e-01
21.082080,-6.91639080e-02,1.57105169e-01,-9.01177900e-01,-3.92237283e-01
21.104560,-6.87794572e-02,1.57484710e-01,-9.02285686e-01,-3.89586962e-01
21.127040,-6.83933805e-02,1.57863367e-01,-9.03385661e-01,-3.86933472e-01
21.149520,-6.80056797e-02,1.58241134e-01,-9.04477813e-01,-3.84276835e-01
21.172000,-6.76163567e-02,1.58618005e-01,-9.05562135e-01,-3.81617076e-01
21.194480,-6.72254134e-02,1.58993972e-01,-9.06638617e-01,-3.78954216e-01
21.216960,-6.68328515e-02,1.59369031e-01,-9.07707251e-01,-3.76288280e-01
21.239440,-6.64386731e-02,1.59743174e-01,-9.08768026e-01,-3.73619290e-01
21.261920,-6.60428801e-02,1.60116395e-01,-9.09820936e-01,-3.70947270e-01
21.284400,-6.56454744e-02,1.60488688e-01,-9.10865970e-01,-3.68272243e-01
21.306880,-6.52464580e-02,1.60860047e-01,-9.11903120e-01,-3.65594232e-01
21.329360,-6.48458330e-02,1.61230465e-01,-9.12932377e-01,-3.62913261e-01
21.351840,-6.44436012e-02,1.61599936e-01,-9.13953734e-01,-3.60229352e-01
21.374320,-6.40397649e-02,1.61968454e-01,-9.14967180e-01,-3.57542529e-01
21.396800,-6.36343260e-02,1.62336013e-01,-9.15972708e-01,-3.54852816e-01
21.419280,-6.32272866e-02,1.62702606e-01,-9.16970310e-01,-3.52160236e-01
21.441760,-6.28186489e-02,1.63068227e-01,-9.17959976e-01,-3.49464812e-01
21.464240,-6.24084150e-02,1.63432869e-01,-9.18941700e-01,-3.46766568e-01
21.486720,-6.19965871e-02,1.63796528e-01,-9.19915472e-01,-3.44065527e-01
21.509200,-6.15831674e-02,1.64159195e-01,-9.20881284e-01,-3.41361713e-01
21.531680,-6.11681580e-02,1.64520866e-01,-9.21839129e-01,-3.38655149e-01
21.554160,-6.07515611e-02,1.64881534e-01,-9.22788999e-01,-3.35945859e-01
21.576640,-6.03333792e-02,1.65241192e-01,-9.23730885e-01,-3.33233866e-01
21.599120,-5.99136143e-02,1.65599835e-01,-9.24664780e-01,-3.30519194e-01
21.621600,-5.94922689e-02,1.65957456e-01,-9.25590675e-01,-3.27801867e-01
21.644080,-5.90693452e-02,1.66314049e-01,-9.26508564e-01,-3.25081907e-01
21.666560,-5.86448456e-02,1.66669607e-01,-9.27418438e-01,-3.22359340e-01
21.689040,-5.82187724e-02,1.67024125e-01,-9.28320291e-01,-3.19634188e-01
21.711520,-5.77911280e-02,1.67377597e-01,-9.29214114e-01,-3.16906475e-01
21.734000,-5.73619149e-02,1.67730016e-01,-9.30099900e-01,-3.14176225e-01
21.756480,-5.69311355e-02,1.68081376e-01,-9.30977642e-01,-3.11443462e-01
21.778960,-5.64987923e-02,1.68431671e-01,-9.31847332e-01,-3.08708209e-01
21.801440,-5.60648876e-02,1.68780894e-01,-9.32708963e-01,-3.05970491e-01
21.823920,-5.56294240e-02,1.69129040e-01,-9.33562528e-01,-3.03230330e-01
21.846400,-5.51924041e-02,1.69476102e-01,-9.34408021e-01,-3.00487751e-01
21.868880,-5.47538304e-02,1.69822075e-01,-9.35245433e-01,-2.97742778e-01
21.891360,-5.43137054e-02,1.70166952e-01,-9.36074758e-01,-2.94995434e-01
21.913840,-5.38720318e-02,1.70510726e-01,-9.36895989e-01,-2.92245744e-01
21.936320,-5.34288121e-02,1.70853393e-01,-9.37709120e-01,-2.89493731e-01
21.958800,-5.29840490e-02,1.71194945e-01,-9.38514143e-01,-2.86739419e-01
21.981280,-5.25377452e-02,1.71535377e-01,-9.39311052e-01,-2.83982833e-01
22.003760,-5.20899032e-02,1.71874682e-01,-9.40099840e-01,-2.81223996e-01
22.026240,-5.16405260e-02,1.72212854e-01,-9.40880501e-01,-2.78462932e-01
22.048720,-5.11896160e-02,1.72549888e-01,-9.41653028e-01,-2.75699665e-01
22.071200,-5.07371762e-02,1.72885777e-01,-9.42417415e-01,-2.72934219e-01
22.093680,-5.02832092e-02,1.73220515e-01,-9.43173655e-01,-2.70166619e-01
22.116160,-4.98277179e-02,1.73554096e-01,-9.43921743e-01,-2.67396887e-01
22.138640,-4.93707050e-02,1.73886514e-01,-9.44661672e-01,-2.64625050e-01
22.161120,-4.89121735e-02,1.74217763e-01,-9.45393436e-01,-2.61851130e-01
22.183600,-4.84521261e-02,1.74547836e-01,-9.46117028e-01,-2.59075151e-01
22.206080,-4.79905657e-02,1.74876729e-01,-9.46832444e-01,-2.56297138e-01
22.228560,-4.75274953e-02,1.75204434e-01,-9.47539677e-01,-2.53517115e-01
22.251040,-4.70629178e-02,1.75530946e-01,-9.48238721e-01,-2.50735106e-01
22.273520,-4.65968360e-02,1.75856258e-01,-9.48929570e-01,-2.47951136e-01
22.296000,-4.61292530e-02,1.76180366e-01,-9.49612219e-01,-2.45165228e-01
22.318480,-4.56601718e-02,1.76503261e-01,-9.50286663e-01,-2.42377407e-01
22.340960,-4.51895954e-02,1.76824940e-01,-9.50952894e-01,-2.39587696e-01
22.363440,-4.47175267e-02,1.77145395e-01,-9.51610910e-01,-2.36796121e-01
22.385920,-4.42439690e-02,1.77464620e-01,-9.52260702e-01,-2.34002706e-01
22.408400,-4.37689251e-02,1.77782611e-01,-9.52902267e-01,-2.31207474e-01
22.430880,-4.32923983e-02,1.78099360e-01,-9.53535600e-01,-2.28410450e-01
22.453360,-4.28143916e-02,1.78414862e-01,-9.54160694e-01,-2.25611659e-01
22.475840,-4.23349083e-02,1.78729110e-01,-9.54777545e-01,-2.22811125e-01
22.498320,-4.18539513e-02,1.79042100e-01,-9.55386147e-01,-2.20008872e-01
22.520800,-4.13715241e-02,1.79353824e-01,-9.55986496e-01,-2.17204924e-01
22.543280,-4.08876296e-02,1.79664277e-01,-9.56578588e-01,-2.14399306e-01
22.565760,-4.04022713e-02,1.79973453e-01,-9.57162416e-01,-2.11592043e-01
22.588240,-3.99154522e-02,1.80281346e-01,-9.57737976e-01,-2.08783158e-01
22.610720,-3.94271758e-02,1.80587951e-01,-9.58305264e-01,-2.05972676e-01
22.633200,-3.89374452e-02,1.80893261e-01,-9.58864275e-01,-2.03160623e-01
22.655680,-3.84462639e-02,1.81197270e-01,-9.59415004e-01,-2.00347021e-01
22.678160,-3.79536351e-02,1.81499973e-01,-9.59957447e-01,-1.97531895e-01
22.700640,-3.74595621e-02,1.81801363e-01,-9.60491599e-01,-1.94715271e-01
22.723120,-3.69640485e-02,1.82101435e-01,-9.61017457e-01,-1.91897172e-01
22.745600,-3.64670975e-02,1.82400183e-01,-9.61535015e-01,-1.89077624e-01
22.768080,-3.59687127e-02,1.82697601e-01,-9.62044270e-01,-1.86256650e-01
22.790560,-3.54688973e-02,1.82993684e-01,-9.62545218e-01,-1.83434275e-01
22.813040,-3.49676550e-02,1.83288425e-01,-9.63037854e-01,-1.80610524e-01
22.835520,-3.44649892e-02,1.83581818e-01,-9.63522174e-01,-1.77785421e-01
22.858000,-3.39609033e-02,1.83873858e-01,-9.63998175e-01,-1.74958991e-01
22.880480,-3.34554010e-02,1.84164539e-01,-9.64465853e-01,-1.72131258e-01
22.902960,-3.29484858e-02,1.84453856e-01,-9.64925204e-01,-1.69302248e-01
22.925440,-3.24401612e-02,1.84741801e-01,-9.65376224e-01,-1.66471984e-01
22.947920,-3.19304308e-02,1.85028371e-01,-9.65818910e-01,-1.63640491e-01
22.970400,-3.14192983e-02,1.85313558e-01,-9.66253258e-01,-1.60807795e-01
22.992880,-3.09067673e-02,1.85597357e-01,-9.66679265e-01,-1.57973919e-01
23.015360,-3.03928415e-02,1.85879763e-01,-9.67096927e-01,-1.55138888e-01
23.037840,-2.98775244e-02,1.86160769e-01,-9.67506241e-01,-1.52302727e-01
23.060320,-2.93608199e-02,1.86440370e-01,-9.67907203e-01,-1.49465461e-01
23.082800,-2.88427316e-02,1.86718561e-01,-9.68299811e-01,-1.46627114e-01
23.105280,-2.83232634e-02,1.86995334e-01,-9.68684061e-01,-1.43787711e-01
23.127760,-2.78024188e-02,1.87270686e-01,-9.69059951e-01,-1.40947277e-01
23.150240,-2.72802018e-02,1.87544610e-01,-9.69427477e-01,-1.38105836e-01
23.172720,-2.67566161e-02,1.87817100e-01,-9.69786637e-01,-1.35263413e-01
23.195200,-2.62316655e-02,1.88088150e-01,-9.70137427e-01,-1.32420034e-01
23.217680,-2.57053540e-02,1.88357756e-01,-9.70479845e-01,-1.29575722e-01
23.240160,-2.51776853e-02,1.88625912e-01,-9.70813889e-01,-1.26730502e-01
23.262640,-2.46486634e-02,1.88892611e-01,-9.71139555e-01,-1.23884400e-01
23.285120,-2.41182921e-02,1.89157848e-01,-9.71456841e-01,-1.21037440e-01
23.307600,-2.35865754e-02,1.89421618e-01,-9.71765745e-01,-1.18189646e-01
23.330080,-2.30535172e-02,1.89683915e-01,-9.72066265e-01,-1.15341044e-01
23.352560,-2.25191216e-02,1.89944733e-01,-9.72358397e-01,-1.12491659e-01
23.375040,-2.19833925e-02,1.90204067e-01,-9.72642140e-01,-1.09641514e-01
23.397520,-2.14463338e-02,1.90461911e-01,-9.72917492e-01,-1.06790636e-01
23.420000,-2.09079498e-02,1.90718259e-01,-9.73184450e-01,-1.03939049e-01
23.442480,-2.03682443e-02,1.90973107e-01,-9.73443012e-01,-1.01086777e-01
23.464960,-1.98272215e-02,1.91226449e-01,-9.73693178e-01,-9.82338454e-02
23.487440,-1.92848854e-02,1.91478278e-01,-9.73934944e-01,-9.53802795e-02
23.509920,-1.87412403e-02,1.91728590e-01,-9.74168308e-01,-9.25261037e-02
23.532400,-1.81962901e-02,1.91977379e-01,-9.74393270e-01,-8.96713430e-02
23.554880,-1.76500392e-02,1.92224639e-01,-9.74609828e-01,-8.68160222e-02
23.577360,-1.71024915e-02,1.92470365e-01,-9.74817979e-01,-8.39601663e-02
23.599840,-1.65536515e-02,1.92714552e-01,-9.75017723e-01,-8.11038000e-02
23.622320,-1.60035232e-02,1.92957194e-01,-9.75209058e-01,-7.82469482e-02
23.644800,-1.54521109e-02,1.93198285e-01,-9.75391983e-01,-7.53896359e-02
23.667280,-1.48994188e-02,1.93437821e-01,-9.75566496e-01,-7.25318879e-02
23.689760,-1.43454513e-02,1.93675795e-01,-9.75732597e-01,-6.96737292e-02
23.712240,-1.37902127e-02,1.93912203e-01,-9.75890283e-01,-6.68151846e-02
23.734720,-1.32337072e-02,1.94147038e-01,-9.76039554e-01,-6.39562789e-02
23.757200,-1.26759392e-02,1.94380296e-01,-9.76180410e-01,-6.10970373e-02
23.779680,-1.21169131e-02,1.94611971e-01,-9.76312849e-01,-5.82374844e-02
23.802160,-1.15566332e-02,1.94842058e-01,-9.76436870e-01,-5.53776454e-02
23.824640,-1.09951040e-02,1.95070552e-01,-9.76552472e-01,-5.25175450e-02
23.847120,-1.04323298e-02,1.95297446e-01,-9.76659655e-01,-4.96572082e-02
23.869600,-9.86831515e-03,1.95522736e-01,-9.76758419e-01,-4.67966599e-02
23.892080,-9.30306445e-03,1.95746416e-01,-9.76848762e-01,-4.39359251e-02
23.914560,-8.73658220e-03,1.95968482e-01,-9.76930685e-01,-4.10750287e-02
23.937040,-8.16887290e-03,1.96188927e-01,-9.77004186e-01,-3.82139955e-02
23.959520,-7.59994107e-03,1.96407747e-01,-9.77069266e-01,-3.53528506e-02
23.982000,-7.02979126e-03,1.96624936e-01,-9.77125925e-01,-3.24916189e-02
24.004480,-6.45842802e-03,1.96840489e-01,-9.77174161e-01,-2.96303253e-02
24.026960,-5.88585594e-03,1.97054400e-01,-9.77213975e-01,-2.67689947e-02
24.049440,-5.31207961e-03,1.97266665e-01,-9.77245368e-01,-2.39076522e-02
24.071920,-4.73710367e-03,1.97477278e-01,-9.77268339e-01,-2.10463225e-02
24.094400,-4.16093274e-03,1.97686235e-01,-9.77282887e-01,-1.81850308e-02
24.116880,-3.58357150e-03,1.97893529e-01,-9.77289015e-01,-1.53238018e-02
24.139360,-3.00502462e-03,1.98099155e-01,-9.77286720e-01,-1.24626606e-02
24.161840,-2.42529680e-03,1.98303110e-01,-9.77276005e-01,-9.60163203e-03
24.184320,-1.84439277e-03,1.98505386e-01,-9.77256870e-01,-6.74074112e-03
24.206800,-1.26231726e-03,1.98705980e-01,-9.77229314e-01,-3.88001278e-03
24.229280,-6.79075029e-04,1.98904885e-01,-9.77193339e-01,-1.01947195e-03
24.251760,-9.46708659e-05,1.99102098e-01,-9.77148946e-01,1.84085644e-03
24.274240,4.90890434e-04,1.99297612e-01,-9.77096134e-01,4.70094745e-03
24.296720,1.07760405e-03,1.99491423e-01,-9.77034905e-01,7.56077615e-03
24.319200,1.66546515e-03,1.99683526e-01,-9.76965259e-01,1.04203176e-02
24.341680,2.25446887e-03,1.99873915e-01,-9.76887198e-01,1.32795469e-02
24.364160,2.84461034e-03,2.00062585e-01,-9.76800723e-01,1.61384390e-02
24.386640,3.43588465e-03,2.00249532e-01,-9.76705834e-01,1.89969691e-02
24.409120,4.02828690e-03,2.00434750e-01,-9.76602533e-01,2.18551123e-02
24.431600,4.62181214e-03,2.00618235e-01,-9.76490822e-01,2.47128436e-02
24.454080,5.21645542e-03,2.00799981e-01,-9.76370700e-01,2.75701381e-02
24.476560,5.81221176e-03,2.00979984e-01,-9.76242171e-01,3.04269708e-02
24.499040,6.40907618e-03,2.01158238e-01,-9.76105235e-01,3.32833170e-02
24.521520,7.00704365e-03,2.01334738e-01,-9.75959893e-01,3.61391516e-02
24.544000,7.60610915e-03,2.01509480e-01,-9.75806148e-01,3.89944497e-02
24.566480,8.20626763e-03,2.01682458e-01,-9.75644002e-01,4.18491866e-02
24.588960,8.80751401e-03,2.01853668e-01,-9.75473455e-01,4.47033371e-02
24.611440,9.40984320e-03,2.02023105e-01,-9.75294510e-01,4.75568766e-02
24.633920,1.00132501e-02,2.02190764e-01,-9.75107168e-01,5.04097800e-02
24.656400,1.06177296e-02,2.02356640e-01,-9.74911432e-01,5.32620226e-02
24.678880,1.12232765e-02,2.02520727e-01,-9.74707304e-01,5.61135794e-02
24.701360,1.18298856e-02,2.02683022e-01,-9.74494786e-01,5.89644255e-02
24.723840,1.24375518e-02,2.02843520e-01,-9.74273880e-01,6.18145362e-02
24.746320,1.30462699e-02,2.03002215e-01,-9.74044589e-01,6.46638865e-02
24.768800,1.36560347e-02,2.03159103e-01,-9.73806914e-01,6.75124515e-02
24.791280,1.42668408e-02,2.03314179e-01,-9.73560858e-01,7.03602065e-02
24.813760,1.48786831e-02,2.03467438e-01,-9.73306424e-01,7.32071267e-02
24.836240,1.54915563e-02,2.03618876e-01,-9.73043614e-01,7.60531871e-02
24.858720,1.61054550e-02,2.03768487e-01,-9.72772431e-01,7.88983629e-02
24.881200,1.67203740e-02,2.03916268e-01,-9.72492878e-01,8.17426294e-02
24.903680,1.73363079e-02,2.04062212e-01,-9.72204958e-01,8.45859616e-02
24.926160,1.79532513e-02,2.04206317e-01,-9.71908673e-01,8.74283350e-02
24.948640,1.85711989e-02,2.04348576e-01,-9.71604026e-01,9.02697245e-02
24.971120,1.91901453e-02,2.04488985e-01,-9.71291020e-01,9.31101055e-02
24.993600,1.98100851e-02,2.04627540e-01,-9.70969659e-01,9.59494531e-02
25.016080,2.04310128e-02,2.04764236e-01,-9.70639946e-01,9.87877427e-02
25.038560,2.10529231e-02,2.04899069e-01,-9.70301884e-01,1.01624949e-01
25.061040,2.16758103e-02,2.05032033e-01,-9.69955475e-01,1.04461048e-01
25.083520,2.22996692e-02,2.05163124e-01,-9.69600725e-01,1.07296015e-01
25.106000,2.29244940e-02,2.05292338e-01,-9.69237636e-01,1.10129825e-01
25.128480,2.35502794e-02,2.05419669e-01,-9.68866211e-01,1.12962453e-01
25.150960,2.41770197e-02,2.05545114e-01,-9.68486455e-01,1.15793874e-01
25.173440,2.48047095e-02,2.05668668e-01,-9.68098371e-01,1.18624064e-01
25.195920,2.54333431e-02,2.05790327e-01,-9.67701962e-01,1.21452998e-01
25.218400,2.60629150e-02,2.05910085e-01,-9.67297234e-01,1.24280652e-01
25.240880,2.66934195e-02,2.06027938e-01,-9.66884189e-01,1.27107000e-01
25.263360,2.73248511e-02,2.06143883e-01,-9.66462831e-01,1.29932019e-01
25.285840,2.79572039e-02,2.06257914e-01,-9.66033165e-01,1.32755683e-01
25.308320,2.85904725e-02,2.06370027e-01,-9.65595195e-01,1.35577968e-01
25.330800,2.92246511e-02,2.06480218e-01,-9.65148925e-01,1.38398849e-01
25.353280,2.98597339e-02,2.06588481e-01,-9.64694360e-01,1.41218301e-01
25.375760,3.04957154e-02,2.06694814e-01,-9.64231503e-01,1.44036301e-01
25.398240,3.11325896e-02,2.06799211e-01,-9.63760359e-01,1.46852823e-01
25.420720,3.17703510e-02,2.06901669e-01,-9.63280933e-01,1.49667843e-01
25.443200,3.24089937e-02,2.07002182e-01,-9.62793230e-01,1.52481336e-01
25.465680,3.30485118e-02,2.07100746e-01,-9.62297253e-01,1.55293278e-01
25.488160,3.36888997e-02,2.07197358e-01,-9.61793008e-01,1.58103644e-01
25.510640,3.43301515e-02,2.07292012e-01,-9.61280499e-01,1.60912410e-01
25.533120,3.49722612e-02,2.07384705e-01,-9.60759732e-01,1.63719551e-01
25.555600,3.56152231e-02,2.07475433e-01,-9.60230711e-01,1.66525043e-01
25.578080,3.62590314e-02,2.07564190e-01,-9.59693442e-01,1.69328861e-01
25.600560,3.69036799e-02,2.07650974e-01,-9.59147929e-01,1.72130981e-01
25.623040,3.75491630e-02,2.07735779e-01,-9.58594177e-01,1.74931378e-01
25.645520,3.81954745e-02,2.07818601e-01,-9.58032193e-01,1.77730029e-01
25.668000,3.88426087e-02,2.07899437e-01,-9.57461981e-01,1.80526907e-01
25.690480,3.94905594e-02,2.07978282e-01,-9.56883547e-01,1.83321990e-01
25.712960,4.01393208e-02,2.08055132e-01,-9.56296895e-01,1.86115253e-01
25.735440,4.07888868e-02,2.08129983e-01,-9.55702033e-01,1.88906671e-01
25.757920,4.14392514e-02,2.08202831e-01,-9.55098965e-01,1.91696220e-01
25.780400,4.20904085e-02,2.08273671e-01,-9.54487697e-01,1.94483876e-01
25.802880,4.27423522e-02,2.08342501e-01,-9.53868234e-01,1.97269614e-01
25.825360,4.33950762e-02,2.08409314e-01,-9.53240584e-01,2.00053410e-01
25.847840,4.40485746e-02,2.08474109e-01,-9.52604751e-01,2.02835241e-01
25.870320,4.47028412e-02,2.08536880e-01,-9.51960741e-01,2.05615080e-01
25.892800,4.53578700e-02,2.08597623e-01,-9.51308561e-01,2.08392905e-01
25.915280,4.60136547e-02,2.08656336e-01,-9.50648217e-01,2.11168692e-01
25.937760,4.66701892e-02,2.08713013e-01,-9.49979715e-01,2.13942415e-01
25.960240,4.73274673e-02,2.08767650e-01,-9.49303061e-01,2.16714051e-01
25.982720,4.79854829e-02,2.08820245e-01,-9.48618262e-01,2.19483575e-01
26.005200,4.86442297e-02,2.08870792e-01,-9.47925324e-01,2.22250964e-01
26.027680,4.93037015e-02,2.08919288e-01,-9.47224253e-01,2.25016193e-01
26.050160,4.99638921e-02,2.08965730e-01,-9.46515056e-01,2.27779238e-01
26.072640,5.06247952e-02,2.09010112e-01,-9.45797741e-01,2.30540075e-01
26.095120,5.12864045e-02,2.09052433e-01,-9.45072312e-01,2.33298681e-01
26.117600,5.19487138e-02,2.09092687e-01,-9.44338778e-01,2.36055030e-01
26.140080,5.26117167e-02,2.09130870e-01,-9.43597145e-01,2.38809099e-01
26.162560,5.32754069e-02,2.09166980e-01,-9.42847421e-01,2.41560864e-01
26.185040,5.39397780e-02,2.09201013e-01,-9.42089611e-01,2.44310302e-01
26.207520,5.46048238e-02,2.09232963e-01,-9.41323723e-01,2.47057387e-01
26.230000,5.52705378e-02,2.09262829e-01,-9.40549765e-01,2.49802096e-01
26.252480,5.59369137e-02,2.09290606e-01,-9.39767744e-01,2.52544405e-01
26.274960,5.66039450e-02,2.09316291e-01,-9.38977666e-01,2.55284291e-01
26.297440,5.72716253e-02,2.09339879e-01,-9.38179540e-01,2.58021728e-01
26.319920,5.79399482e-02,2.09361368e-01,-9.37373372e-01,2.60756695e-01
26.342400,5.86089072e-02,2.09380753e-01,-9.36559170e-01,2.63489165e-01
26.364880,5.92784958e-02,2.09398031e-01,-9.35736943e-01,2.66219117e-01
26.387360,5.99487077e-02,2.09413198e-01,-9.34906696e-01,2.68946526e-01
26.409840,6.06195361e-02,2.09426252e-01,-9.34068439e-01,2.71671368e-01
26.432320,6.12909748e-02,2.09437187e-01,-9.33222179e-01,2.74393619e-01
26.454800,6.19630170e-02,2.09446002e-01,-9.32367924e-01,2.77113257e-01
26.477280,6.26356563e-02,2.09452692e-01,-9.31505681e-01,2.79830256e-01
26.499760,6.33088861e-02,2.09457253e-01,-9.30635459e-01,2.82544594e-01
26.522240,6.39826999e-02,2.09459683e-01,-9.29757267e-01,2.85256247e-01
26.544720,6.46570909e-02,2.09459978e-01,-9.28871111e-01,2.87965191e-01
26.567200,6.53320526e-02,2.09458134e-01,-9.27977000e-01,2.90671403e-01
26.589680,6.60075785e-02,2.09454148e-01,-9.27074944e-01,2.93374858e-01
26.612160,6.66836617e-02,2.09448017e-01,-9.26164949e-01,2.96075534e-01
26.634640,6.73602958e-02,2.09439737e-01,-9.25247024e-01,2.98773407e-01
26.657120,6.80374739e-02,2.09429305e-01,-9.24321179e-01,3.01468454e-01
26.679600,6.87151895e-02,2.09416718e-01,-9.23387421e-01,3.04160650e-01
26.702080,6.93934357e-02,2.09401972e-01,-9.22445759e-01,3.06849973e-01
26.724560,7.00722060e-02,2.09385064e-01,-9.21496202e-01,3.09536399e-01
26.747040,7.07514935e-02,2.09365991e-01,-9.20538759e-01,3.12219905e-01
26.769520,7.14312915e-02,2.09344749e-01,-9.19573438e-01,3.14900468e-01
26.792000,7.21115932e-02,2.09321336e-01,-9.18600249e-01,3.17578063e-01
26.814480,7.27923919e-02,2.09295748e-01,-9.17619201e-01,3.20252668e-01
26.836960,7.34736808e-02,2.09267981e-01,-9.16630302e-01,3.22924260e-01
26.859440,7.41554530e-02,2.09238034e-01,-9.15633561e-01,3.25592815e-01
26.881920,7.48377018e-02,2.09205902e-01,-9.14628989e-01,3.28258309e-01
26.904400,7.55204203e-02,2.09171583e-01,-9.13616594e-01,3.30920721e-01
26.926880,7.62036016e-02,2.09135072e-01,-9.12596386e-01,3.33580026e-01
26.949360,7.68872389e-02,2.09096369e-01,-9.11568374e-01,3.36236202e-01
26.971840,7.75713252e-02,2.09055468e-01,-9.10532567e-01,3.38889225e-01
26.994320,7.82558538e-02,2.09012368e-01,-9.09488975e-01,3.41539072e-01
27.016800,7.89408176e-02,2.08967065e-01,-9.08437608e-01,3.44185721e-01
27.039280,7.96262099e-02,2.08919556e-01,-9.07378476e-01,3.46829148e-01
27.061760,8.03120235e-02,2.08869839e-01,-9.06311588e-01,3.49469330e-01
27.084240,8.09982516e-02,2.08817909e-01,-9.05236954e-01,3.52106244e-01
27.106720,8.16848871e-02,2.08763765e-01,-9.04154584e-01,3.54739868e-01
27.129200,8.23719232e-02,2.08707404e-01,-9.03064488e-01,3.57370178e-01
27.151680,8.30593529e-02,2.08648822e-01,-9.01966676e-01,3.59997151e-01
27.174160,8.37471690e-02,2.08588017e-01,-9.00861158e-01,3.62620766e-01
27.196640,8.44353646e-02,2.08524985e-01,-8.99747944e-01,3.65240998e-01
27.219120,8.51239326e-02,2.08459725e-01,-8.98627045e-01,3.67857826e-01
27.241600,8.58128661e-02,2.08392233e-01,-8.97498471e-01,3.70471225e-01
27.264080,8.65021579e-02,2.08322506e-01,-8.96362233e-01,3.73081175e-01
27.286560,8.71918009e-02,2.08250542e-01,-8.95218340e-01,3.75687651e-01
27.309040,8.78817881e-02,2.08176339e-01,-8.94066804e-01,3.78290632e-01
27.331520,8.85721123e-02,2.08099892e-01,-8.92907634e-01,3.80890095e-01
27.354000,8.92627665e-02,2.08021200e-01,-8.91740842e-01,3.83486017e-01
27.376480,8.99537434e-02,2.07940260e-01,-8.90566439e-01,3.86078375e-01
27.398960,9.06450360e-02,2.07857069e-01,-8.89384434e-01,3.88667147e-01
27.421440,9.13366371e-02,2.07771624e-01,-8.88194840e-01,3.91252311e-01
27.443920,9.20285396e-02,2.07683924e-01,-8.86997667e-01,3.93833844e-01
27.466400,9.27207361e-02,2.07593965e-01,-8.85792925e-01,3.96411724e-01
27.488880,9.34132196e-02,2.07501745e-01,-8.84580627e-01,3.98985928e-01
27.511360,9.41059829e-02,2.07407262e-01,-8.83360783e-01,4.01556434e-01
27.533840,9.47990186e-02,2.07310512e-01,-8.82133404e-01,4.04123220e-01
27.556320,9.54923196e-02,2.07211494e-01,-8.80898502e-01,4.06686263e-01
27.578800,9.61858786e-02,2.07110204e-01,-8.79656088e-01,4.09245541e-01
27.601280,9.68796883e-02,2.07006641e-01,-8.78406173e-01,4.11801032e-01
27.623760,9.75737415e-02,2.06900802e-01,-8.77148769e-01,4.14352714e-01
27.646240,9.82680309e-02,2.06792685e-01,-8.75883888e-01,4.16900564e-01
27.668720,9.89625492e-02,2.06682287e-01,-8.74611540e-01,4.19444561e-01
27.691200,9.96572891e-02,2.06569606e-01,-8.73331739e-01,4.21984682e-01
27.713680,1.00352243e-01,2.06454639e-01,-8.72044495e-01,4.24520906e-01
27.736160,1.01047404e-01,2.06337385e-01,-8.70749820e-01,4.27053210e-01
27.758640,1.01742765e-01,2.06217841e-01,-8.69447726e-01,4.29581572e-01
27.781120,1.02438318e-01,2.06096005e-01,-8.68138226e-01,4.32105971e-01
27.803600,1.03134055e-01,2.05971874e-01,-8.66821330e-01,4.34626384e-01
27.826080,1.03829970e-01,2.05845446e-01,-8.65497052e-01,4.37142790e-01
27.848560,1.04526055e-01,2.05716720e-01,-8.64165403e-01,4.39655167e-01
27.871040,1.05222303e-01,2.05585692e-01,-8.62826396e-01,4.42163494e-01
27.893520,1.05918706e-01,2.05452361e-01,-8.61480042e-01,4.44667747e-01
27.916000,1.06615257e-01,2.05316725e-01,-8.60126355e-01,4.47167906e-01
27.938480,1.07311948e-01,2.05178782e-01,-8.58765345e-01,4.49663950e-01
27.960960,1.08008772e-01,2.05038529e-01,-8.57397027e-01,4.52155855e-01
27.983440,1.08705721e-01,2.04895965e-01,-8.56021413e-01,4.54643602e-01
28.005920,1.09402788e-01,2.04751087e-01,-8.54638514e-01,4.57127168e-01
28.028400,1.10099966e-01,2.04603893e-01,-8.53248344e-01,4.59606531e-01
28.050880,1.10797247e-01,2.04454382e-01,-8.51850916e-01,4.62081671e-01
28.073360,1.11494623e-01,2.04302552e-01,-8.50446242e-01,4.64552566e-01
28.095840,1.12192087e-01,2.04148400e-01,-8.49034335e-01,4.67019194e-01
28.118320,1.12889631e-01,2.03991925e-01,-8.47615208e-01,4.69481534e-01
28.140800,1.13587249e-01,2.03833125e-01,-8.46188874e-01,4.71939565e-01
28.163280,1.14284931e-01,2.03671997e-01,-8.44755346e-01,4.74393265e-01
28.185760,1.14982671e-01,2.03508541e-01,-8.43314637e-01,4.76842614e-01
28.208240,1.15680462e-01,2.03342754e-01,-8.41866760e-01,4.79287589e-01
28.230720,1.16378294e-01,2.03174635e-01,-8.40411729e-01,4.81728171e-01
28.253200,1.17076162e-01,2.03004182e-01,-8.38949557e-01,4.84164338e-01
28.275680,1.17774057e-01,2.02831392e-01,-8.37480257e-01,4.86596068e-01
28.298160,1.18471972e-01,2.02656265e-01,-8.36003842e-01,4.89023341e-01
28.320640,1.19169899e-01,2.02478799e-01,-8.34520327e-01,4.91446135e-01
28.343120,1.19867830e-01,2.02298992e-01,-8.33029724e-01,4.93864431e-01
28.365600,1.20565759e-01,2.02116842e-01,-8.31532047e-01,4.96278206e-01
28.388080,1.21263676e-01,2.01932348e-01,-8.30027311e-01,4.98687440e-01
28.410560,1.21961575e-01,2.01745508e-01,-8.28515527e-01,5.01092112e-01
28.433040,1.22659447e-01,2.01556321e-01,-8.26996712e-01,5.03492202e-01
28.455520,1.23357286e-01,2.01364785e-01,-8.25470877e-01,5.05887688e-01
28.478000,1.24055083e-01,2.01170899e-01,-8.23938038e-01,5.08278551e-01
28.500480,1.24752831e-01,2.00974660e-01,-8.22398207e-01,5.10664768e-01
28.522960,1.25450521e-01,2.00776069e-01,-8.20851400e-01,5.13046320e-01
28.545440,1.26148147e-01,2.00575122e-01,-8.19297631e-01,5.15423187e-01
28.567920,1.26845701e-01,2.00371820e-01,-8.17736912e-01,5.17795347e-01
28.590400,1.27543174e-01,2.00166160e-01,-8.16169260e-01,5.20162780e-01
28.612880,1.28240559e-01,1.99958140e-01,-8.14594687e-01,5.22525466e-01
28.635360,1.28937849e-01,1.99747761e-01,-8.13013208e-01,5.24883384e-01
28.657840,1.29635035e-01,1.99535020e-01,-8.11424839e-01,5.27236514e-01
28.680320,1.30332109e-01,1.99319916e-01,-8.09829592e-01,5.29584835e-01
28.702800,1.31029065e-01,1.99102449e-01,-8.08227483e-01,5.31928328e-01
28.725280,1.31725894e-01,1.98882615e-01,-8.06618527e-01,5.34266972e-01
28.747760,1.32422588e-01,1.98660416e-01,-8.05002737e-01,5.36600747e-01
28.770240,1.33119139e-01,1.98435848e-01,-8.03380129e-01,5.38929633e-01
28.792720,1.33815540e-01,1.98208912e-01,-8.01750717e-01,5.41253610e-01
28.815200,1.34511783e-01,1.97979606e-01,-8.00114517e-01,5.43572657e-01
28.837680,1.35207860e-01,1.97747929e-01,-7.98471542e-01,5.45886755e-01
28.860160,1.35903763e-01,1.97513879e-01,-7.96821809e-01,5.48195884e-01
28.882640,1.36599484e-01,1.97277456e-01,-7.95165332e-01,5.50500024e-01
28.905120,1.37295016e-01,1.97038659e-01,-7.93502125e-01,5.52799155e-01
28.927600,1.37990350e-01,1.96797487e-01,-7.91832205e-01,5.55093257e-01
28.950080,1.38685479e-01,1.96553938e-01,-7.90155587e-01,5.57382311e-01
28.972560,1.39380394e-01,1.96308013e-01,-7.88472285e-01,5.59666296e-01
28.995040,1.40075089e-01,1.96059709e-01,-7.86782314e-01,5.61945194e-01
29.017520,1.40769554e-01,1.95809026e-01,-7.85085692e-01,5.64218984e-01
29.040000,1.41463783e-01,1.95555963e-01,-7.83382431e-01,5.66487646e-01
29.062480,1.42157766e-01,1.95300520e-01,-7.81672549e-01,5.68751163e-01
29.084960,1.42851497e-01,1.95042695e-01,-7.79956061e-01,5.71009513e-01
29.107440,1.43544967e-01,1.94782488e-01,-7.78232982e-01,5.73262677e-01
29.129920,1.44238168e-01,1.94519898e-01,-7.76503328e-01,5.75510637e-01
29.152400,1.44931093e-01,1.94254924e-01,-7.74767114e-01,5.77753373e-01
29.174880,1.45623733e-01,1.93987565e-01,-7.73024357e-01,5.79990865e-01
29.197360,1.46316081e-01,1.93717821e-01,-7.71275072e-01,5.82223094e-01
29.219840,1.47008128e-01,1.93445692e-01,-7.69519275e-01,5.84450041e-01
29.242320,1.47699866e-01,1.93171175e-01,-7.67756981e-01,5.86671687e-01
29.264800,1.48391288e-01,1.92894272e-01,-7.65988208e-01,5.88888013e-01
29.287280,1.49082386e-01,1.92614981e-01,-7.64212971e-01,5.91099000e-01
29.309760,1.49773151e-01,1.92333302e-01,-7.62431286e-01,5.93304628e-01
29.332240,1.50463576e-01,1.92049234e-01,-7.60643169e-01,5.95504879e-01
29.354720,1.51153652e-01,1.91762776e-01,-7.58848636e-01,5.97699734e-01
29.377200,1.51843372e-01,1.91473929e-01,-7.57047704e-01,5.99889174e-01
29.399680,1.52532728e-01,1.91182692e-01,-7.55240389e-01,6.02073181e-01
29.422160,1.53221710e-01,1.90889064e-01,-7.53426708e-01,6.04251735e-01
29.444640,1.53910313e-01,1.90593045e-01,-7.51606676e-01,6.06424818e-01
29.467120,1.54598526e-01,1.90294635e-01,-7.49780310e-01,6.08592411e-01
29.489600,1.55286344e-01,1.89993833e-01,-7.47947628e-01,6.10754495e-01
29.512080,1.55973756e-01,1.89690639e-01,-7.46108644e-01,6.12911053e-01
29.534560,1.56660756e-01,1.89385053e-01,-7.44263377e-01,6.15062065e-01
29.557040,1.57347335e-01,1.89077074e-01,-7.42411842e-01,6.17207513e-01
29.579520,1.58033485e-01,1.88766702e-01,-7.40554057e-01,6.19347379e-01
29.602000,1.58719198e-01,1.88453937e-01,-7.38690038e-01,6.21481644e-01
29.624480,1.59404466e-01,1.88138779e-01,-7.36819803e-01,6.23610290e-01
29.646960,1.60089281e-01,1.87821228e-01,-7.34943367e-01,6.25733299e-01
29.669440,1.60773635e-01,1.87501283e-01,-7.33060748e-01,6.27850653e-01
29.691920,1.61457520e-01,1.87178945e-01,-7.31171964e-01,6.29962333e-01
29.714400,1.62140927e-01,1.86854213e-01,-7.29277030e-01,6.32068321e-01
29.736880,1.62823849e-01,1.86527087e-01,-7.27375965e-01,6.34168600e-01
29.759360,1.63506278e-01,1.86197568e-01,-7.25468785e-01,6.36263151e-01
29.781840,1.64188205e-01,1.85865655e-01,-7.23555508e-01,6.38351957e-01
29.804320,1.64869622e-01,1.85531348e-01,-7.21636151e-01,6.40434999e-01
29.826800,1.65550521e-01,1.85194648e-01,-7.19710731e-01,6.42512260e-01
29.849280,1.66230895e-01,1.84855554e-01,-7.17779266e-01,6.44583722e-01
29.871760,1.66910734e-01,1.84514067e-01,-7.15841773e-01,6.46649367e-01
29.894240,1.67590031e-01,1.84170187e-01,-7.13898269e-01,6.48709178e-01
29.916720,1.68268778e-01,1.83823914e-01,-7.11948773e-01,6.50763136e-01
29.939200,1.68946966e-01,1.83475248e-01,-7.09993301e-01,6.52811225e-01
29.961680,1.69624588e-01,1.83124189e-01,-7.08031872e-01,6.54853427e-01
29.984160,1.70301635e-01,1.82770738e-01,-7.06064502e-01,6.56889724e-01
30.006640,1.70978099e-01,1.82414895e-01,-7.04091211e-01,6.58920099e-01
30.029120,1.71653972e-01,1.82056660e-01,-7.02112015e-01,6.60944535e-01
30.051600,1.72329245e-01,1.81696033e-01,-7.00126933e-01,6.62963015e-01
30.074080,1.73003912e-01,1.81333016e-01,-6.98135982e-01,6.64975520e-01
30.096560,1.73677963e-01,1.80967608e-01,-6.96139180e-01,6.66982035e-01
30.119040,1.74351390e-01,1.80599810e-01,-6.94136546e-01,6.68982541e-01
30.141520,1.75024186e-01,1.80229621e-01,-6.92128097e-01,6.70977022e-01
30.164000,1.75696341e-01,1.79857044e-01,-6.90113851e-01,6.72965460e-01
30.186480,1.76367849e-01,1.79482078e-01,-6.88093827e-01,6.74947840e-01
30.208960,1.77038700e-01,1.79104724e-01,-6.86068043e-01,6.76924143e-01
30.231440,1.77708887e-01,1.78724981e-01,-6.84036517e-01,6.78894353e-01
30.253920,1.78378401e-01,1.78342852e-01,-6.81999267e-01,6.80858454e-01
30.276400,1.79047234e-01,1.77958336e-01,-6.79956312e-01,6.82816427e-01
30.298880,1.79715378e-01,1.77571435e-01,-6.77907669e-01,6.84768258e-01
30.321360,1.80382826e-01,1.77182148e-01,-6.75853359e-01,6.86713929e-01
30.343840,1.81049567e-01,1.76790477e-01,-6.73793398e-01,6.88653423e-01
30.366320,1.81715596e-01,1.76396421e-01,-6.71727806e-01,6.90586724e-01
30.388800,1.82380902e-01,1.75999983e-01,-6.69656601e-01,6.92513815e-01
30.411280,1.83045479e-01,1.75601163e-01,-6.67579802e-01,6.94434681e-01
30.433760,1.83709317e-01,1.75199961e-01,-6.65497427e-01,6.96349305e-01
30.456240,1.84372410e-01,1.74796379e-01,-6.63409496e-01,6.98257669e-01
30.478720,1.85034748e-01,1.74390417e-01,-6.61316026e-01,7.00159760e-01
30.501200,1.85696323e-01,1.73982076e-01,-6.59217037e-01,7.02055559e-01
30.523680,1.86357127e-01,1.73571357e-01,-6.57112548e-01,7.03945051e-01
30.546160,1.87017153e-01,1.73158261e-01,-6.55002577e-01,7.05828219e-01
30.568640,1.87676391e-01,1.72742790e-01,-6.52887143e-01,7.07705049e-01
30.591120,1.88334834e-01,1.72324943e-01,-6.50766267e-01,7.09575523e-01
30.613600,1.88992473e-01,1.71904722e-01,-6.48639965e-01,7.11439626e-01
30.636080,1.89649300e-01,1.71482128e-01,-6.46508259e-01,7.13297342e-01
30.658560,1.90305308e-01,1.71057163e-01,-6.44371166e-01,7.15148656e-01
30.681040,1.90960487e-01,1.70629827e-01,-6.42228706e-01,7.16993551e-01
30.703520,1.91614830e-01,1.70200121e-01,-6.40080898e-01,7.18832012e-01
30.726000,1.92268328e-01,1.69768047e-01,-6.37927762e-01,7.20664023e-01
30.748480,1.92920974e-01,1.69333606e-01,-6.35769317e-01,7.22489569e-01
30.770960,1.93572759e-01,1.68896799e-01,-6.33605581e-01,7.24308634e-01
30.793440,1.94223674e-01,1.68457627e-01,-6.31436576e-01,7.26121202e-01
30.815920,1.94873712e-01,1.68016091e-01,-6.29262319e-01,7.27927259e-01
30.838400,1.95522865e-01,1.67572194e-01,-6.27082831e-01,7.29726789e-01
30.860880,1.96171124e-01,1.67125936e-01,-6.24898132e-01,7.31519777e-01
30.883360,1.96818481e-01,1.66677318e-01,-6.22708239e-01,7.33306207e-01
30.905840,1.97464928e-01,1.66226342e-01,-6.20513175e-01,7.35086065e-01
30.928320,1.98110457e-01,1.65773010e-01,-6.18312957e-01,7.36859335e-01
30.950800,1.98755059e-01,1.65317323e-01,-6.16107606e-01,7.38626002e-01
30.973280,1.99398727e-01,1.64859282e-01,-6.13897141e-01,7.40386051e-01
30.995760,2.00041452e-01,1.64398888e-01,-6.11681583e-01,7.42139468e-01
31.018240,2.00683225e-01,1.63936144e-01,-6.09460951e-01,7.43886237e-01
31.040720,2.01324040e-01,1.63471051e-01,-6.07235265e-01,7.45626344e-01
31.063200,2.01963887e-01,1.63003611e-01,-6.05004545e-01,7.47359774e-01
31.085680,2.02602759e-01,1.62533824e-01,-6.02768810e-01,7.49086512e-01
31.108160,2.03240647e-01,1.62061693e-01,-6.00528082e-01,7.50806543e-01
31.130640,2.03877543e-01,1.61587220e-01,-5.98282380e-01,7.52519854e-01
31.153120,2.04513439e-01,1.61110406e-01,-5.96031724e-01,7.54226429e-01
31.175600,2.05148326e-01,1.60631253e-01,-5.93776135e-01,7.55926255e-01
31.198080,2.05782198e-01,1.60149762e-01,-5.91515631e-01,7.57619316e-01
31.220560,2.06415044e-01,1.59665936e-01,-5.89250235e-01,7.59305598e-01
31.243040,2.07046858e-01,1.59179775e-01,-5.86979966e-01,7.60985088e-01
31.265520,2.07677631e-01,1.58691283e-01,-5.84704843e-01,7.62657771e-01
31.288000,2.08307355e-01,1.58200461e-01,-5.82424889e-01,7.64323632e-01
31.310480,2.08936022e-01,1.57707310e-01,-5.80140122e-01,7.65982658e-01
31.332960,2.09563623e-01,1.57211834e-01,-5.77850564e-01,7.67634835e-01
31.355440,2.10190151e-01,1.56714033e-01,-5.75556235e-01,7.69280148e-01
31.377920,2.10815597e-01,1.56213909e-01,-5.73257155e-01,7.70918584e-01
31.400400,2.11439953e-01,1.55711465e-01,-5.70953346e-01,7.72550130e-01
31.422880,2.12063212e-01,1.55206703e-01,-5.68644827e-01,7.74174770e-01
31.445360,2.12685364e-01,1.54699624e-01,-5.66331619e-01,7.75792492e-01
31.467840,2.13306402e-01,1.54190232e-01,-5.64013743e-01,7.77403282e-01
31.490320,2.13926317e-01,1.53678527e-01,-5.61691219e-01,7.79007126e-01
31.512800,2.14545102e-01,1.53164512e-01,-5.59364069e-01,7.80604010e-01
31.535280,2.15162749e-01,1.52648189e-01,-5.57032313e-01,7.82193922e-01
31.557760,2.15779248e-01,1.52129561e-01,-5.54695972e-01,7.83776848e-01
31.580240,2.16394593e-01,1.51608630e-01,-5.52355067e-01,7.85352774e-01
31.602720,2.17008775e-01,1.51085397e-01,-5.50009619e-01,7.86921687e-01
31.625200,2.17621786e-01,1.50559865e-01,-5.47659648e-01,7.88483574e-01
31.647680,2.18233617e-01,1.50032037e-01,-5.45305175e-01,7.90038422e-01
31.670160,2.18844262e-01,1.49501915e-01,-5.42946223e-01,7.91586217e-01
31.692640,2.19453711e-01,1.48969501e-01,-5.40582811e-01,7.93126947e-01
31.715120,2.20061956e-01,1.48434797e-01,-5.38214961e-01,7.94660599e-01
31.737600,2.20668990e-01,1.47897806e-01,-5.35842694e-01,7.96187160e-01
31.760080,2.21274804e-01,1.47358531e-01,-5.33466030e-01,7.97706616e-01
31.782560,2.21879391e-01,1.46816974e-01,-5.31084993e-01,7.99218955e-01
31.805040,2.22482742e-01,1.46273137e-01,-5.28699601e-01,8.00724165e-01
31.827520,2.23084848e-01,1.45727023e-01,-5.26309878e-01,8.02222232e-01
31.850000,2.23685703e-01,1.45178634e-01,-5.23915843e-01,8.03713144e-01
31.872480,2.24285298e-01,1.44627973e-01,-5.21517519e-01,8.05196889e-01
31.894960,2.24883625e-01,1.44075043e-01,-5.19114927e-01,8.06673453e-01
31.917440,2.25480676e-01,1.43519846e-01,-5.16708088e-01,8.08142826e-01
31.939920,2.26076443e-01,1.42962385e-01,-5.14297023e-01,8.09604993e-01
31.962400,2.26670918e-01,1.42402663e-01,-5.11881755e-01,8.11059943e-01
31.984880,2.27264092e-01,1.41840682e-01,-5.09462304e-01,8.12507664e-01
32.007360,2.27855958e-01,1.41276445e-01,-5.07038693e-01,8.13948144e-01
32.029840,2.28446508e-01,1.40709954e-01,-5.04610942e-01,8.15381370e-01
32.052320,2.29035734e-01,1.40141214e-01,-5.02179074e-01,8.16807330e-01
32.074800,2.29623628e-01,1.39570226e-01,-4.99743110e-01,8.18226013e-01
32.097280,2.30210181e-01,1.38996993e-01,-4.97303072e-01,8.19637406e-01
32.119760,2.30795386e-01,1.38421518e-01,-4.94858981e-01,8.21041498e-01
32.142240,2.31379235e-01,1.37843804e-01,-4.92410860e-01,8.22438276e-01
32.164720,2.31961720e-01,1.37263854e-01,-4.89958730e-01,8.23827730e-01
32.187200,2.32542832e-01,1.36681672e-01,-4.87502612e-01,8.25209847e-01
32.209680,2.33122565e-01,1.36097259e-01,-4.85042530e-01,8.26584616e-01
32.232160,2.33700909e-01,1.35510619e-01,-4.82578504e-01,8.27952025e-01
32.254640,2.34277857e-01,1.34921755e-01,-4.80110557e-01,8.29312063e-01
32.277120,2.34853401e-01,1.34330670e-01,-4.77638710e-01,8.30664719e-01
32.299600,2.35427534e-01,1.33737367e-01,-4.75162986e-01,8.32009980e-01
32.322080,2.36000246e-01,1.33141849e-01,-4.72683406e-01,8.33347836e-01
32.344560,2.36571531e-01,1.32544120e-01,-4.70199993e-01,8.34678276e-01
32.367040,2.37141379e-01,1.31944182e-01,-4.67712769e-01,8.36001289e-01
32.389520,2.37709785e-01,1.31342039e-01,-4.65221755e-01,8.37316862e-01
32.412000,2.38276738e-01,1.30737694e-01,-4.62726975e-01,8.38624986e-01
32.434480,2.38842233e-01,1.30131150e-01,-4.60228450e-01,8.39925649e-01
32.456960,2.39406260e-01,1.29522410e-01,-4.57726202e-01,8.41218841e-01
32.479440,2.39968811e-01,1.28911479e-01,-4.55220254e-01,8.42504550e-01
32.501920,2.40529880e-01,1.28298358e-01,-4.52710628e-01,8.43782766e-01
32.524400,2.41089458e-01,1.27683052e-01,-4.50197346e-01,8.45053479e-01
32.546880,2.41647537e-01,1.27065564e-01,-4.47680430e-01,8.46316676e-01
32.569360,2.42204109e-01,1.26445897e-01,-4.45159904e-01,8.47572349e-01
32.591840,2.42759167e-01,1.25824054e-01,-4.42635789e-01,8.48820486e-01
32.614320,2.43312702e-01,1.25200040e-01,-4.40108107e-01,8.50061077e-01
32.636800,2.43864707e-01,1.24573857e-01,-4.37576882e-01,8.51294112e-01
32.659280,2.44415175e-01,1.23945510e-01,-4.35042136e-01,8.52519580e-01
32.681760,2.44964096e-01,1.23315001e-01,-4.32503891e-01,8.53737471e-01
32.704240,2.45511464e-01,1.22682334e-01,-4.29962170e-01,8.54947775e-01
32.726720,2.46057271e-01,1.22047513e-01,-4.27416995e-01,8.56150482e-01
32.749200,2.46601508e-01,1.21410542e-01,-4.24868389e-01,8.57345581e-01
32.771680,2.47144168e-01,1.20771423e-01,-4.22316375e-01,8.58533063e-01
32.794160,2.47685244e-01,1.20130162e-01,-4.19760975e-01,8.59712918e-01
32.816640,2.48224728e-01,1.19486760e-01,-4.17202212e-01,8.60885136e-01
32.839120,2.48762611e-01,1.18841223e-01,-4.14640109e-01,8.62049707e-01
32.861600,2.49298886e-01,1.18193554e-01,-4.12074688e-01,8.63206622e-01
32.884080,2.49833545e-01,1.17543756e-01,-4.09505972e-01,8.64355870e-01
32.906560,2.50366582e-01,1.16891834e-01,-4.06933985e-01,8.65497442e-01
32.929040,2.50897987e-01,1.16237791e-01,-4.04358748e-01,8.66631329e-01
32.951520,2.51427753e-01,1.15581631e-01,-4.01780285e-01,8.67757521e-01
32.974000,2.51955873e-01,1.14923357e-01,-3.99198619e-01,8.68876009e-01
32.996480,2.52482338e-01,1.14262975e-01,-3.96613773e-01,8.69986784e-01
33.018960,2.53007142e-01,1.13600488e-01,-3.94025769e-01,8.71089835e-01
33.041440,2.53530276e-01,1.12935899e-01,-3.91434630e-01,8.72185155e-01
33.063920,2.54051733e-01,1.12269213e-01,-3.88840380e-01,8.73272733e-01
33.086400,2.54571506e-01,1.11600433e-01,-3.86243041e-01,8.74352562e-01
33.108880,2.55089586e-01,1.10929565e-01,-3.83642637e-01,8.75424631e-01
33.131360,2.55605965e-01,1.10256611e-01,-3.81039190e-01,8.76488932e-01
33.153840,2.56120637e-01,1.09581575e-01,-3.78432724e-01,8.77545455e-01
33.176320,2.56633594e-01,1.08904463e-01,-3.75823262e-01,8.78594193e-01
33.198800,2.57144828e-01,1.08225278e-01,-3.73210827e-01,8.79635137e-01
33.221280,2.57654332e-01,1.07544024e-01,-3.70595443e-01,8.80668277e-01
33.243760,2.58162097e-01,1.06860705e-01,-3.67977131e-01,8.81693606e-01
33.266240,2.58668117e-01,1.06175325e-01,-3.65355917e-01,8.82711114e-01
33.288720,2.59172384e-01,1.05487890e-01,-3.62731822e-01,8.83720793e-01
33.311200,2.59674890e-01,1.04798402e-01,-3.60104870e-01,8.84722635e-01
33.333680,2.60175628e-01,1.04106867e-01,-3.57475085e-01,8.85716632e-01
33.356160,2.60674591e-01,1.03413288e-01,-3.54842489e-01,8.86702774e-01
33.378640,2.61171770e-01,1.02717670e-01,-3.52207107e-01,8.87681055e-01
33.401120,2.61667158e-01,1.02020017e-01,-3.49568961e-01,8.88651465e-01
33.423600,2.62160748e-01,1.01320334e-01,-3.46928075e-01,8.89613998e-01
33.446080,2.62652532e-01,1.00618624e-01,-3.44284472e-01,8.90568644e-01
33.468560,2.63142504e-01,9.99148932e-02,-3.41638176e-01,8.91515395e-01
33.491040,2.63630654e-01,9.92091449e-02,-3.38989211e-01,8.92454245e-01
33.513520,2.64116977e-01,9.85013840e-02,-3.36337599e-01,8.93385185e-01
33.536000,2.64601464e-01,9.77916147e-02,-3.33683364e-01,8.94308208e-01
33.558480,2.65084108e-01,9.70798418e-02,-3.31026530e-01,8.95223305e-01
33.580960,2.65564902e-01,9.63660695e-02,-3.28367121e-01,8.96130469e-01
33.603440,2.66043838e-01,9.56503027e-02,-3.25705160e-01,8.97029693e-01
33.625920,2.66520910e-01,9.49325457e-02,-3.23040670e-01,8.97920969e-01
33.648400,2.66996108e-01,9.42128033e-02,-3.20373675e-01,8.98804290e-01
33.670880,2.67469427e-01,9.34910800e-02,-3.17704199e-01,8.99679648e-01
33.693360,2.67940859e-01,9.27673805e-02,-3.15032266e-01,9.00547037e-01
33.715840,2.68410396e-01,9.20417095e-02,-3.12357899e-01,9.01406448e-01
33.738320,2.68878032e-01,9.13140716e-02,-3.09681122e-01,9.02257876e-01
33.760800,2.69343758e-01,9.05844717e-02,-3.07001959e-01,9.03101312e-01
33.783280,2.69807568e-01,8.98529144e-02,-3.04320433e-01,9.03936750e-01
33.805760,2.70269454e-01,8.91194045e-02,-3.01636568e-01,9.04764183e-01
33.828240,2.70729409e-01,8.83839468e-02,-2.98950388e-01,9.05583604e-01
33.850720,2.71187426e-01,8.76465461e-02,-2.96261918e-01,9.06395006e-01
33.873200,2.71643497e-01,8.69072073e-02,-2.93571180e-01,9.07198383e-01
33.895680,2.72097615e-01,8.61659352e-02,-2.90878198e-01,9.07993727e-01
33.918160,2.72549774e-01,8.54227347e-02,-2.88182997e-01,9.08781033e-01
33.940640,2.72999965e-01,8.46776108e-02,-2.85485600e-01,9.09560294e-01
33.963120,2.73448182e-01,8.39305683e-02,-2.82786032e-01,9.10331503e-01
33.985600,2.73894417e-01,8.31816121e-02,-2.80084316e-01,9.11094654e-01
34.008080,2.74338664e-01,8.24307474e-02,-2.77380476e-01,9.11849741e-01
34.030560,2.74780914e-01,8.16779790e-02,-2.74674536e-01,9.12596757e-01
34.053040,2.75221161e-01,8.09233121e-02,-2.71966521e-01,9.13335696e-01
34.075520,2.75659399e-01,8.01667516e-02,-2.69256453e-01,9.14066552e-01
34.098000,2.76095618e-01,7.94083026e-02,-2.66544358e-01,9.14789319e-01
34.120480,2.76529813e-01,7.86479702e-02,-2.63830260e-01,9.15503992e-01
34.142960,2.76961977e-01,7.78857595e-02,-2.61114181e-01,9.16210564e-01
34.165440,2.77392102e-01,7.71216756e-02,-2.58396147e-01,9.16909029e-01
34.187920,2.77820181e-01,7.63557238e-02,-2.55676182e-01,9.17599381e-01
34.210400,2.78246207e-01,7.55879092e-02,-2.52954310e-01,9.18281616e-01
34.232880,2.78670173e-01,7.48182369e-02,-2.50230554e-01,9.18955727e-01
34.255360,2.79092073e-01,7.40467123e-02,-2.47504940e-01,9.19621709e-01
34.277840,2.79511898e-01,7.32733405e-02,-2.44777491e-01,9.20279555e-01
34.300320,2.79929643e-01,7.24981269e-02,-2.42048231e-01,9.20929262e-01
34.322800,2.80345299e-01,7.17210766e-02,-2.39317185e-01,9.21570823e-01
34.345280,2.80758861e-01,7.09421951e-02,-2.36584377e-01,9.22204233e-01
34.367760,2.81170320e-01,7.01614877e-02,-2.33849831e-01,9.22829488e-01
34.390240,2.81579671e-01,6.93789597e-02,-2.31113572e-01,9.23446581e-01
34.412720,2.81986906e-01,6.85946165e-02,-2.28375623e-01,9.24055508e-01
34.435200,2.82392018e-01,6.78084635e-02,-2.25636010e-01,9.24656263e-01
34.457680,2.82795000e-01,6.70205061e-02,-2.22894756e-01,9.25248842e-01
34.480160,2.83195846e-01,6.62307498e-02,-2.20151886e-01,9.25833241e-01
34.502640,2.83594548e-01,6.54392001e-02,-2.17407423e-01,9.26409453e-01
34.525120,2.83991100e-01,6.46458623e-02,-2.14661394e-01,9.26977475e-01
34.547600,2.84385495e-01,6.38507421e-02,-2.11913821e-01,9.27537301e-01
34.570080,2.84777725e-01,6.30538449e-02,-2.09164729e-01,9.28088928e-01
34.592560,2.85167785e-01,6.22551763e-02,-2.06414143e-01,9.28632350e-01
34.615040,2.85555667e-01,6.14547419e-02,-2.03662088e-01,9.29167564e-01
34.637520,2.85941364e-01,6.06525472e-02,-2.00908587e-01,9.29694564e-01
34.660000,2.86324870e-01,5.98485980e-02,-1.98153665e-01,9.30213346e-01
34.682480,2.86706178e-01,5.90428997e-02,-1.95397346e-01,9.30723907e-01
34.704960,2.87085281e-01,5.82354581e-02,-1.92639656e-01,9.31226242e-01
34.727440,2.87462172e-01,5.74262789e-02,-1.89880618e-01,9.31720347e-01
34.749920,2.87836845e-01,5.66153677e-02,-1.87120257e-01,9.32206217e-01
34.772400,2.88209292e-01,5.58027303e-02,-1.84358597e-01,9.32683850e-01
34.794880,2.88579508e-01,5.49883724e-02,-1.81595664e-01,9.33153240e-01
34.817360,2.88947485e-01,5.41722998e-02,-1.78831482e-01,9.33614385e-01
34.839840,2.89313217e-01,5.33545182e-02,-1.76066075e-01,9.34067280e-01
34.862320,2.89676697e-01,5.25350334e-02,-1.73299468e-01,9.34511922e-01
34.884800,2.90037919e-01,5.17138513e-02,-1.70531685e-01,9.34948307e-01
34.907280,2.90396875e-01,5.08909778e-02,-1.67762752e-01,9.35376432e-01
34.929760,2.90753559e-01,5.00664186e-02,-1.64992692e-01,9.35796293e-01
34.952240,2.91107965e-01,4.92401796e-02,-1.62221531e-01,9.36207886e-01
34.974720,2.91460086e-01,4.84122669e-02,-1.59449293e-01,9.36611209e-01
34.997200,2.91809915e-01,4.75826862e-02,-1.56676002e-01,9.37006258e-01
35.019680,2.92157446e-01,4.67514435e-02,-1.53901684e-01,9.37393030e-01
35.042160,2.92502672e-01,4.59185448e-02,-1.51126363e-01,9.37771521e-01
35.064640,2.92845587e-01,4.50839961e-02,-1.48350064e-01,9.38141729e-01
35.087120,2.93186184e-01,4.42478034e-02,-1.45572812e-01,9.38503651e-01
35.109600,2.93524456e-01,4.34099727e-02,-1.42794631e-01,9.38857284e-01
35.132080,2.93860398e-01,4.25705101e-02,-1.40015546e-01,9.39202624e-01
35.154560,2.94194002e-01,4.17294216e-02,-1.37235581e-01,9.39539670e-01
35.177040,2.94525262e-01,4.08867133e-02,-1.34454763e-01,9.39868418e-01
35.199520,2.94854172e-01,4.00423912e-02,-1.31673114e-01,9.40188866e-01
35.222000,2.95180726e-01,3.91964617e-02,-1.28890661e-01,9.40501011e-01
35.244480,2.95504916e-01,3.83489306e-02,-1.26107428e-01,9.40804851e-01
35.266960,2.95826736e-01,3.74998044e-02,-1.23323440e-01,9.41100384e-01
35.289440,2.96146180e-01,3.66490890e-02,-1.20538721e-01,9.41387606e-01
35.311920,2.96463242e-01,3.57967908e-02,-1.17753296e-01,9.41666516e-01
35.334400,2.96777916e-01,3.49429159e-02,-1.14967191e-01,9.41937111e-01
35.356880,2.97090194e-01,3.40874706e-02,-1.12180430e-01,9.42199390e-01
35.379360,2.97400070e-01,3.32304611e-02,-1.09393038e-01,9.42453350e-01
35.401840,2.97707539e-01,3.23718938e-02,-1.06605040e-01,9.42698989e-01
35.424320,2.98012594e-01,3.15117749e-02,-1.03816461e-01,9.42936306e-01
35.446800,2.98315228e-01,3.06501108e-02,-1.01027325e-01,9.43165298e-01
35.469280,2.98615436e-01,2.97869077e-02,-9.82376580e-02,9.43385964e-01
35.491760,2.98913210e-01,2.89221721e-02,-9.54474843e-02,9.43598301e-01
35.514240,2.99208546e-01,2.80559102e-02,-9.26568290e-02,9.43802309e-01
35.536720,2.99501435e-01,2.71881286e-02,-8.98657170e-02,9.43997986e-01
35.559200,2.99791873e-01,2.63188337e-02,-8.70741733e-02,9.44185330e-01
35.581680,3.00079854e-01,2.54480317e-02,-8.42822228e-02,9.44364340e-01
35.604160,3.00365370e-01,2.45757293e-02,-8.14898904e-02,9.44535014e-01
35.626640,3.00648415e-01,2.37019329e-02,-7.86972012e-02,9.44697352e-01
35.649120,3.00928985e-01,2.28266490e-02,-7.59041801e-02,9.44851351e-01
35.671600,3.01207071e-01,2.19498840e-02,-7.31108520e-02,9.44997011e-01
35.694080,3.01482669e-01,2.10716445e-02,-7.03172420e-02,9.45134331e-01
35.716560,3.01755772e-01,2.01919371e-02,-6.75233751e-02,9.45263310e-01
35.739040,3.02026374e-01,1.93107683e-02,-6.47292763e-02,9.45383946e-01
35.761520,3.02294468e-01,1.84281448e-02,-6.19349705e-02,9.45496240e-01
35.784000,3.02560050e-01,1.75440730e-02,-5.91404829e-02,9.45600189e-01
35.806480,3.02823112e-01,1.66585596e-02,-5.63458383e-02,9.45695794e-01
35.828960,3.03083649e-01,1.57716113e-02,-5.35510620e-02,9.45783054e-01
35.851440,3.03341655e-01,1.48832348e-02,-5.07561788e-02,9.45861967e-01
35.873920,3.03597123e-01,1.39934366e-02,-4.79612139e-02,9.45932535e-01
35.896400,3.03850048e-01,1.31022235e-02,-4.51661922e-02,9.45994756e-01
35.918880,3.04100423e-01,1.22096022e-02,-4.23711390e-02,9.46048629e-01
35.941360,3.04348243e-01,1.13155795e-02,-3.95760791e-02,9.46094156e-01
35.963840,3.04593502e-01,1.04201620e-02,-3.67810377e-02,9.46131334e-01
35.986320,3.04836193e-01,9.52335662e-03,-3.39860399e-02,9.46160165e-01
36.008800,3.05076311e-01,8.62517005e-03,-3.11911108e-02,9.46180649e-01
36.031280,3.05313851e-01,7.72560912e-03,-2.83962754e-02,9.46192784e-01
36.053760,3.05548804e-01,6.82468065e-03,-2.56015588e-02,9.46196571e-01
36.076240,3.05781167e-01,5.92239148e-03,-2.28069861e-02,9.46192012e-01
36.098720,3.06010934e-01,5.01874847e-03,-2.00125825e-02,9.46179104e-01
36.121200,3.06238097e-01,4.11375849e-03,-1.72183730e-02,9.46157850e-01
36.143680,3.06462652e-01,3.20742845e-03,-1.44243827e-02,9.46128249e-01
36.166160,3.06684593e-01,2.29976524e-03,-1.16306369e-02,9.46090301e-01
36.188640,3.06903913e-01,1.39077581e-03,-8.83716046e-03,9.46044008e-01
36.211120,3.07120607e-01,4.80467094e-04,-6.04397867e-03,9.45989370e-01
36.233600,3.07334670e-01,-4.31153938e-04,-3.25111662e-03,9.45926387e-01
36.256080,3.07546095e-01,-1.34408030e-03,-4.58599441e-04,9.45855060e-01
36.278560,3.07754877e-01,-2.25830500e-03,2.33354773e-03,9.45775390e-01
36.301040,3.07961009e-01,-3.17382101e-03,5.12529975e-03,9.45687378e-01
36.323520,3.08164487e-01,-4.09062129e-03,7.91663147e-03,9.45591025e-01
36.346000,3.08365304e-01,-5.00869880e-03,1.07075178e-02,9.45486332e-01
36.368480,3.08563455e-01,-5.92804646e-03,1.34979335e-02,9.45373299e-01
36.390960,3.08758935e-01,-6.84865718e-03,1.62878534e-02,9.45251929e-01
36.413440,3.08951736e-01,-7.77052385e-03,1.90772525e-02,9.45122222e-01
36.435920,3.09141854e-01,-8.69363935e-03,2.18661055e-02,9.44984180e-01
36.458400,3.09329284e-01,-9.61799653e-03,2.46543873e-02,9.44837803e-01
36.480880,3.09514019e-01,-1.05435882e-02,2.74420727e-02,9.44683094e-01
36.503360,3.09696053e-01,-1.14704073e-02,3.02291366e-02,9.44520054e-01
36.525840,3.09875382e-01,-1.23984465e-02,3.30155537e-02,9.44348685e-01
36.548320,3.10052000e-01,-1.33276987e-02,3.58012990e-02,9.44168988e-01
36.570800,3.10225900e-01,-1.42581565e-02,3.85863473e-02,9.43980965e-01
36.593280,3.10397079e-01,-1.51898128e-02,4.13706733e-02,9.43784617e-01
36.615760,3.10565529e-01,-1.61226604e-02,4.41542519e-02,9.43579948e-01
36.638240,3.10731246e-01,-1.70566918e-02,4.69370580e-02,9.43366958e-01
36.660720,3.10894223e-01,-1.79918998e-02,4.97190664e-02,9.43145649e-01
36.683200,3.11054456e-01,-1.89282772e-02,5.25002518e-02,9.42916025e-01
36.705680,3.11211939e-01,-1.98658165e-02,5.52805891e-02,9.42678087e-01
36.728160,3.11366667e-01,-2.08045104e-02,5.80600532e-02,9.42431837e-01
36.750640,3.11518633e-01,-2.17443515e-02,6.08386189e-02,9.42177277e-01
36.773120,3.11667833e-01,-2.26853325e-02,6.36162609e-02,9.41914411e-01
36.795600,3.11814261e-01,-2.36274460e-02,6.63929541e-02,9.41643240e-01
36.818080,3.11957912e-01,-2.45706845e-02,6.91686734e-02,9.41363767e-01
36.840560,3.12098781e-01,-2.55150405e-02,7.19433936e-02,9.41075995e-01
36.863040,3.12236861e-01,-2.64605067e-02,7.47170894e-02,9.40779927e-01
36.885520,3.12372148e-01,-2.74070756e-02,7.74897357e-02,9.40475564e-01
36.908000,3.12504636e-01,-2.83547396e-02,8.02613074e-02,9.40162911e-01
36.930480,3.12634319e-01,-2.93034913e-02,8.30317792e-02,9.39841970e-01
36.952960,3.12761194e-01,-3.02533231e-02,8.58011261e-02,9.39512743e-01
36.975440,3.12885253e-01,-3.12042275e-02,8.85693227e-02,9.39175235e-01
36.997920,3.13006493e-01,-3.21561969e-02,9.13363441e-02,9.38829448e-01
37.020400,3.13124907e-01,-3.31092238e-02,9.41021649e-02,9.38475385e-01
37.042880,3.13240491e-01,-3.40633006e-02,9.68667600e-02,9.38113050e-01
37.065360,3.13353238e-01,-3.50184196e-02,9.96301043e-02,9.37742446e-01
37.087840,3.13463145e-01,-3.59745732e-02,1.02392173e-01,9.37363577e-01
37.110320,3.13570205e-01,-3.69317537e-02,1.05152940e-01,9.36976446e-01
37.132800,3.13674413e-01,-3.78899536e-02,1.07912381e-01,9.36581056e-01
37.155280,3.13775765e-01,-3.88491651e-02,1.10670470e-01,9.36177412e-01
37.177760,3.13874255e-01,-3.98093805e-02,1.13427183e-01,9.35765517e-01
37.200240,3.13969878e-01,-4.07705921e-02,1.16182494e-01,9.35345375e-01
37.222720,3.14062628e-01,-4.17327923e-02,1.18936378e-01,9.34916990e-01
37.245200,3.14152501e-01,-4.26959731e-02,1.21688811e-01,9.34480365e-01
37.267680,3.14239491e-01,-4.36601269e-02,1.24439766e-01,9.34035506e-01
37.290160,3.14323593e-01,-4.46252458e-02,1.27189218e-01,9.33582415e-01
37.312640,3.14404803e-01,-4.55913222e-02,1.29937144e-01,9.33121098e-01
37.335120,3.14483115e-01,-4.65583480e-02,1.32683517e-01,9.32651558e-01
37.357600,3.14558523e-01,-4.75263156e-02,1.35428312e-01,9.32173799e-01
37.380080,3.14631024e-01,-4.84952171e-02,1.38171504e-01,9.31687827e-01
37.402560,3.14700612e-01,-4.94650445e-02,1.40913069e-01,9.31193646e-01
37.425040,3.14767281e-01,-5.04357900e-02,1.43652981e-01,9.30691260e-01
37.447520,3.14831027e-01,-5.14074457e-02,1.46391214e-01,9.30180674e-01
37.470000,3.14891845e-01,-5.23800037e-02,1.49127745e-01,9.29661892e-01
